video_id,category,video_length,raw_video_file_length,text_mrr,video_mrr,mrr_delta,text_temporal_ndcg,video_temporal_ndcg,t_ndcg_delta,text_cos_sim,video_cos_sim,text_cos_sim_residual,video_cos_sim_residual,apcs_surprisal_nll,apcs_perplexity,video_surprisal_var,video_surprisal_avg,video_surprisal_max
4k-Relaxation_12-clip-6,Scenery,60,190,0.35965090384615384,0.2615977443603887,0.09805315948576515,0.7765242933348107,0.6439699505004871,0.13255434283432355,0.33097158888888895,0.916931780676047,0.04164495555555555,0.6196844925483068,1.1131917317708333,3.3154890457789103,0.005979781039059162,0.06503293663263321,0.4972187876701355
4k-Relaxation_3-clip-4,Scenery,60,118,0.3570749807692308,0.26159774436038863,0.09547723640884215,0.7742576975028703,0.6444233729638397,0.12983432453903065,0.2770226773809524,0.9446546187003454,0.0022387492063492076,0.7416792636116346,1.2698811848958333,4.029166624943415,0.0015875742537900805,0.04395913705229759,0.2950407862663269
AiirSource-Military_1-clip-0,Military,60,70,0.3491234615384615,0.28546648424559523,0.06365697729286629,0.7654024434443734,0.6678446007810345,0.09755784266333889,0.24348593333333332,0.6279818266630173,0.04973718214285714,0.47606639998654526,1.1923583984375,3.767451226711273,0.050053466111421585,0.3236621618270874,0.8197911977767944
AiirSource-Military_12-manual,Military,60,66,0.39897594230769234,0.28415451507510076,0.11482142723259159,0.7608046959696714,0.6648626339238176,0.09594206204585376,0.3034667154761905,0.5747674653927485,0.09023336626984127,0.35587843755880993,0.9829004923502604,3.6369515816370646,0.03634254261851311,0.163164883852005,0.8236594796180725
AiirSource-Military_7-clip-1,Military,60,65,0.350327,0.2841545150751008,0.06617248492489919,0.7805530455636263,0.6688590234820821,0.11169402208154411,0.24895581746031747,0.8433137809236845,0.05402520317460318,0.6205038751165072,1.0450642903645833,3.259187877178192,0.01100755576044321,0.1376226544380188,0.6267780065536499
Army-military-2018_8-clip-73,Military,60,78,0.35425748076923075,0.27845069095099045,0.0758067898182403,0.7782996783877129,0.6651684493950696,0.11313122899264327,0.2505126706349206,0.7821331173181534,0.08141778888888888,0.6772947944700718,1.2119710286458334,4.1324371834596,0.020569073036313057,0.09573040902614594,0.7234505414962769
BC-Bushcraft_10-clip-8,Survival,60,86,0.37568503846153845,0.2660264170039418,0.10965862145759664,0.7766700493014518,0.6476789345532142,0.12899111474823755,0.21715402261904762,0.6792435596386591,0.06502438373015873,0.38489915647854406,0.9856814066569011,3.3804804901281993,0.03524905815720558,0.20351828634738922,0.8179433345794678
BC-Bushcraft_11-clip-31,Survival,60,204,0.3577661153846154,0.26159774436038863,0.09616837102422676,0.7716281006015465,0.6508969501841629,0.12073115041738358,0.23160066944444443,0.761125884950161,-0.010890252777777778,0.4198185750283301,1.156396484375,3.4848119656244916,0.0173219945281744,0.13761787116527557,0.8744791746139526
BC-Bushcraft_2-clip-2,Survival,60,66,0.3293339615384615,0.28415451507510076,0.04517944646336075,0.7721015936352862,0.6685677078363099,0.10353388579897627,0.21694742103174605,0.8157356753945351,0.04764000952380953,0.4557281577338775,0.975189208984375,3.242989840110143,0.017293164506554604,0.12020198255777359,0.9021540284156799
BC-Bushcraft_9-clip-5,Survival,60,64,0.35190215384615386,0.27824123801518497,0.0736609158309689,0.7822328404694601,0.6617127777697043,0.12052006269975579,0.3154951404761905,0.7946407248576483,0.06578558531746032,0.5706130143565437,0.9690775553385417,3.165412453810374,0.009216178208589554,0.1710265874862671,0.7139466404914856
Bertram-Craft_12-clip-25,Survival,60,66,0.4127826923076923,0.2841545150751008,0.1286281772325915,0.7780556890211977,0.661246229161413,0.11680945985978475,0.2233104722222222,0.8606233969330788,0.02942780992063492,0.6075435864428679,0.48581390380859374,2.0007346232732135,0.010924342088401318,0.12164363265037537,0.5092411637306213
Bertram-Craft_2-clip-3,Survival,60,66,0.33866471153846156,0.2841545150751008,0.05451019646336075,0.7743752483261908,0.6615230697037494,0.11285217862244135,0.18608723333333335,0.7580148627360662,0.06382874603174604,0.6419952300687631,1.0741048177083334,3.2250301043192544,0.026697009801864624,0.1331721395254135,0.7620462775230408
Bertram-Craft_5-clip-33,Survival,60,88,0.36333367307692305,0.26602641700394186,0.09730725607298119,0.7796978399055648,0.652215866215817,0.1274819736897479,0.3290928464285714,0.8767072881261507,0.04177675833333333,0.6785428275664648,1.0170450846354167,3.1128746728102366,0.005224124062806368,0.0967116728425026,0.49874651432037354
Chad-Zuber_10-clip-20,Survival,60,66,0.33853125,0.28415451507510076,0.05437673492489925,0.7786855524717601,0.6663568898340625,0.11232866263769758,0.17865046507936508,0.6538388778765997,0.03468937896825397,0.5373933570614705,1.1117350260416667,3.3198652346928914,0.04087217524647713,0.14959053695201874,0.9402682781219482
Chad-Zuber_4-clip-2,Survival,60,71,0.3442569807692308,0.2843470844791492,0.05990989629008159,0.7665738187333525,0.670344214982627,0.09622960375072553,0.18826967261904762,0.6841427882512411,0.04630725674603175,0.4604394549193482,0.9132700602213542,2.9936382591724398,0.04088529944419861,0.19872412085533142,0.7214463949203491
Chad-Zuber_5-clip-0,Survival,60,61,0.36983476470588234,0.26159774436038863,0.1082370203454937,0.7860223641333094,0.6441163823884481,0.14190598174486124,0.223895,0.5445588044822216,0.08634705769230769,0.4588334610064824,1.1387003580729167,3.869466410080592,0.0847078412771225,0.23391921818256378,0.978542685508728
Climate-Change_0-clip-4,Nature/Doc,60,65,0.3610529607843137,0.2841545150751008,0.07689844570921289,0.7810114744322472,0.6605139614646212,0.12049751296762601,0.25614041452991454,0.5403367665906748,0.03917770726495726,0.31281269248574967,1.0689615885416666,3.3384096225102744,0.04034728184342384,0.27095431089401245,0.8012502789497375
Climate-Change_2-clip-4,Nature/Doc,60,61,0.3582045686274509,0.26159774436038863,0.0966068242670623,0.7704463789704492,0.6430886415505652,0.127357737419884,0.19913803205128205,0.5691877231001854,0.0014247286324786342,0.27531683724373573,1.2961181640625,3.883859896659851,0.026395158842206,0.26295197010040283,0.7864338755607605
Climate-Change_6-clip-7,Nature/Doc,60,64,0.3539589411764706,0.27824123801518497,0.07571770316128562,0.7724975920326062,0.6594194763655301,0.11307811566707604,0.20761680982905986,0.5872921360035738,-0.003130664529914531,0.44818112805175286,1.2961181640625,3.883859896659851,0.049256496131420135,0.32926228642463684,0.993759274482727
Climate-Change_7-clip-3,Nature/Doc,60,62,0.37870782352941174,0.27824123801518497,0.10046658551422677,0.7779874905868821,0.65797003077624,0.12001745981064216,0.24071663247863248,0.5832973358531793,0.05029999358974359,0.4083960832407077,1.0968180338541667,3.3187775115172067,0.048335961997509,0.2509671151638031,0.9073359966278076
Dan-Robinson_3-clip-3,Action/Vehicle,60,61,0.38908145098039215,0.26159774436038863,0.12748370662000352,0.7908304140941607,0.6521941278084146,0.1386362862857461,0.31663835470085466,0.8021952783068022,0.03519718162393162,0.45312402412916225,1.2231852213541667,3.9245198567708335,0.015544822439551353,0.13804994523525238,0.5876062512397766
Gung-Ho-Vids_0-clip-2,Action/Vehicle,60,90,0.35081617647058827,0.26159774436038863,0.08921843211019964,0.7706506685730244,0.6487755335350428,0.12187513503798164,0.20824702350427352,0.7961320529381434,0.041629235042735045,0.5344091206789017,1.1032063802083334,3.556347139676412,0.01239066943526268,0.09914952516555786,0.5461013317108154
Gung-Ho-Vids_12-clip-1,Action/Vehicle,60,61,0.36903966666666665,0.26159774436038863,0.10744192230627803,0.7813290426463226,0.6384341562013349,0.1428948864449877,0.24623519658119658,0.8874910697340965,0.022823273504273506,0.5617660197118918,1.001123046875,3.064340893427531,0.007636938709765673,0.0713246539235115,0.4733130931854248
Gung-Ho-Vids_2-clip-2,Action/Vehicle,60,64,0.3477257058823529,0.27824123801518497,0.06948446786716794,0.7804461432387718,0.6615616232361771,0.11888452000259475,0.22545741025641025,0.7990251953403155,0.051685049145299145,0.6705187273522218,1.1503580729166667,3.5948434988657634,0.029491309076547623,0.164565771818161,0.7372684478759766
Gung-Ho-Vids_5-clip-2,Action/Vehicle,60,62,0.3636676078431373,0.27824123801518497,0.08542636982795232,0.7825233262416054,0.6557605546872629,0.12676277155434246,0.24777988888888888,0.6176031678915024,0.042303946581196586,0.35459442079688114,1.0968180338541667,3.3187775115172067,0.03373181074857712,0.2072351723909378,0.7930401563644409
Gung-Ho-Vids_8-clip-0,Action/Vehicle,60,61,0.32551115686274507,0.26771271642519173,0.05779844043755333,0.7619557961941593,0.6453310832266176,0.11662471296754173,0.2082843482905983,0.5752740229169527,0.0003209700854700873,0.2988421342646082,1.2961181640625,3.883859896659851,0.03513195738196373,0.20757165551185608,0.9420053362846375
Hamiltonville-Farm_1-clip-4,Farming,60,65,0.36770915686274513,0.28415451507510076,0.08355464178764438,0.7827067904835469,0.6693010309848334,0.11340575949871345,0.13014010683760685,0.8385570223132769,0.013784367521367517,0.709501481304566,0.9622090657552084,3.057557608683904,0.017048118636012077,0.08616708964109421,0.8633196949958801
Hamiltonville-Farm_2-clip-0,Farming,60,63,0.3643082941176471,0.27824123801518497,0.08606705610246213,0.7845499810587148,0.6566951149773564,0.12785486608135832,0.20346674786324787,0.7365324099858602,0.05938311965811966,0.5464210646847883,1.0591389973958334,3.2504576285680136,0.021612590178847313,0.17855097353458405,0.6304126381874084
Hamiltonville-Farm_6-clip-18,Farming,60,68,0.34414845098039215,0.28546648424559523,0.05868196673479692,0.7679642504219347,0.6684663972338983,0.09949785318803639,0.24992598504273505,0.8061574697494507,0.049118113247863256,0.2908409566928943,1.129541015625,3.4155830423037212,0.0129524115473032,0.11422112584114075,0.6102101802825928
Hamiltonville-Farm_8-clip-3,Farming,60,62,0.3770129411764706,0.27824123801518497,0.09877170316128564,0.7838391311062967,0.6578134280910044,0.12602570301529226,0.2359119957264957,0.7475785464048386,0.047674299145299144,0.5397745768229166,1.1782063802083333,3.753686863183975,0.018925104290246964,0.18788117170333862,0.7810719013214111
How-Farms-Work_10-clip-1,Farming,60,147,0.3500479215686274,0.26159774436038863,0.08845017720823878,0.7754124882497606,0.6457854913421268,0.1296269969076338,0.18853857264957263,0.7176369354128838,0.024248333333333334,0.5436315524081389,1.0575154622395833,3.286509696642558,0.0283069908618927,0.23975320160388947,0.8058868646621704
How-Farms-Work_3-clip-2,Farming,60,64,0.35377998039215686,0.27824123801518497,0.07553874237697189,0.773521192137867,0.6625924716805913,0.11092872045727564,0.2762572713675214,0.8029635846614838,0.05305693803418803,0.602697047094504,1.063525390625,3.455291122198105,0.025183944031596184,0.21246284246444702,0.7666135430335999
How-Farms-Work_5-clip-0,Farming,60,61,0.3652499411764706,0.26159774436038863,0.10365219681608195,0.7826711593969203,0.6539370890822654,0.1287340703146549,0.11968335042735043,0.4890356548130512,0.007097604700854702,0.2679997208373,1.039453125,3.2633036692937214,0.0467650480568409,0.30692070722579956,1.0544750690460205
How-Farms-Work_8-clip-4,Farming,60,72,0.3715159607843137,0.2843470844791492,0.08716887630516451,0.7814262562790395,0.6727799386149577,0.10864631766408184,0.24365247649572652,0.6868016297618548,0.05807715384615385,0.2907366051028172,1.072216796875,3.2783195614814757,0.012787513434886932,0.19582021236419678,0.726111114025116
How-Farms-Work_9-manual,Farming,60,141,0.3526522745098039,0.2615977443603887,0.09105453014941522,0.781921396483772,0.648859425778961,0.13306197070481096,0.25214680128205125,0.5918923765420914,0.08844765598290599,0.3753288775818267,1.1660319010416667,3.9694294214248655,0.04010026156902313,0.2998495399951935,0.738161563873291
Joe-Robinet_0-clip-23,Survival,60,65,0.3746458235294117,0.28415451507510076,0.09049130845431097,0.7787374226626946,0.6721381455749456,0.10659927708774908,0.22984139529914532,0.7534344010055065,0.08725330128205128,0.6716263983398676,1.1140706380208334,3.4260943214098614,0.03678164631128311,0.1307731419801712,0.9044064879417419
Joe-Robinet_2-clip-5,Survival,60,75,0.37400909803921567,0.28182181174859383,0.09218728629062184,0.7887609487219587,0.6706575074697559,0.11810344125220273,0.2593328311965812,0.7769680842757225,0.09330868162393162,0.3684353580077489,1.02828369140625,3.200237282117208,0.007670204620808363,0.13837012648582458,0.5408700704574585
Joe-Robinet_4-clip-0,Survival,60,178,0.37332727450980396,0.26159774436038863,0.11172953014941533,0.7703265125195582,0.6498877736923415,0.12043873882721667,0.2189700747863248,0.6538871551553408,0.06165354487179487,0.45526215185721713,1.1193186442057292,3.4545996566613515,0.01846778392791748,0.1802099645137787,0.664716899394989
Joe-Robinet_5-clip-23,Survival,60,61,0.34243886274509805,0.26159774436038863,0.08084111838470942,0.7711970026743876,0.6463153082530861,0.12488169442130148,0.23720082905982906,0.6969767635067304,0.06207256196581197,0.5337587433556715,1.1739501953125,3.7778255979220075,0.019106172025203705,0.2225056141614914,0.7204118967056274
John-Suscovich_0-clip-1,Farming,60,76,0.36531335294117645,0.28182181174859383,0.08349154119258262,0.7727147085491776,0.6742857581849094,0.09842895036426813,0.17048619230769232,0.8302533949414889,0.009100903846153845,0.6446255582074324,1.1307169596354167,3.6201912224292756,0.01211928203701973,0.09960637986660004,0.691795825958252
John-Suscovich_10-manual,Farming,60,124,0.37227435294117645,0.26159774436038863,0.11067660858078782,0.7822764444679166,0.6504387709194799,0.13183767354843667,0.24835551282051282,0.785679747040073,0.06127901709401709,0.543217146769166,1.0376424153645833,3.128991381327311,0.024414319545030594,0.16239160299301147,0.7500581741333008
John-Suscovich_12-clip-0,Farming,60,79,0.33933778431372547,0.27845069095099045,0.06088709336273501,0.7781740769848361,0.6689426451012342,0.10923143188360185,0.1840437158119658,0.766329733033975,0.01604853205128205,0.3835371043533087,1.127783203125,3.560422690709432,0.040923602879047394,0.12015671283006668,0.9832942485809326
John-Suscovich_2-clip-3,Farming,60,95,0.3725773725490196,0.2615977443603887,0.11097962818863094,0.7774780105256581,0.6487138923111065,0.12876411821455158,0.2643935341880342,0.8352497046192487,0.00854080982905983,0.598061827942729,0.9955281575520833,3.04869323571523,0.00887803640216589,0.11418884247541428,0.716454267501831
John-Suscovich_3-manual,Farming,60,76,0.3717332745098039,0.28182181174859383,0.08991146276121009,0.7837296330899237,0.673454445243749,0.11027518784617474,0.19512905982905984,0.5580588225275278,0.08062542307692308,0.3541433221350114,0.7385467529296875,2.6701866924762725,0.055858176201581955,0.3132389485836029,1.0238778591156006
King-Kong-Amazon_11-clip-7,Nature/Doc,60,65,0.3630598235294118,0.2841545150751008,0.07890530845431099,0.7820617768129114,0.665411604707065,0.1166501721058465,0.23746396153846155,0.8724515413244566,0.0442361217948718,0.6363966288045049,1.1601806640625,3.586807465553284,0.0082361726090312,0.061542097479104996,0.41558992862701416
King-Kong-Amazon_5-clip-14,Nature/Doc,60,89,0.3830222352941176,0.2615977443603887,0.12142449093372892,0.7800319084401064,0.646557628259103,0.13347428018100338,0.21529232051282052,0.7885451267162958,0.012708224358974358,0.4827326536954691,1.2961181640625,3.883859896659851,0.008420930244028568,0.09240100532770157,0.6453543901443481
MilitaryNotes_10-clip-0,Military,60,62,0.35215413725490197,0.2812919324820616,0.07086220477284039,0.7767096611477382,0.6568563353878667,0.11985332575987151,0.24434052564102562,0.6202444024384022,0.01517429487179487,0.41049425055583316,1.4066650390625,5.047762062152227,0.04117751494050026,0.17358990013599396,0.9714465141296387
MilitaryNotes_11-clip-1,Military,60,62,0.34601419607843137,0.27824123801518497,0.0677729580632464,0.7757548823045761,0.6540361799702568,0.12171870233431936,0.24724853205128206,0.5450506533185641,0.0342538717948718,0.28007791346559924,1.2120035807291667,3.942752675215403,0.04976904019713402,0.2746806740760803,0.818047821521759
MilitaryNotes_8-clip-0,Military,60,70,0.36339707843137253,0.28922871570341785,0.07416836272795468,0.7737139125364425,0.6673190338410264,0.10639487869541608,0.18816621794871796,0.44676013849675655,0.0462153076923077,0.2688835734928337,1.0830973307291667,3.862542959054311,0.05630974844098091,0.2327689528465271,1.097947120666504
Millennial-Farmer_1-clip-11,Farming,60,61,0.466247568627451,0.26159774436038863,0.20464982426706235,0.7812411899013963,0.6464840744745766,0.13475711542681978,0.2185730363247863,0.5578526481986046,0.06950085897435897,0.3988981917500496,0.5034589131673177,2.2179651240507763,0.0524299293756485,0.2623693645000458,0.8501675128936768
Millennial-Farmer_7-clip-13,Farming,60,61,0.3551230784313726,0.26159774436038863,0.09352533407098396,0.78064740891364,0.642782880216959,0.1378645286966811,0.2359967371794872,0.5130540505051613,0.06716147222222223,0.3265210731575886,1.1961588541666666,3.814932813247045,0.04707680270075798,0.31398943066596985,0.8387292623519897
Millennial-Farmer_8-clip-16,Farming,60,95,0.3544001960784314,0.2615977443603887,0.09280245171804269,0.7766766770168424,0.6481110608891465,0.1285656161276959,0.17186621367521365,0.6827651684482893,0.049175038461538464,0.3759549210468928,1.2626749674479167,4.163866053024928,0.023865094408392906,0.17165052890777588,0.7568811774253845
Natural-Disaster_10-clip-0,Nature/Doc,60,62,0.372472431372549,0.27824123801518497,0.09423119335736402,0.777402204631103,0.6543990141686035,0.12300319046249952,0.271829047008547,0.619526327898105,0.02033699786324786,0.4199283514171839,1.3679931640625,4.667583709955215,0.03615406155586243,0.2954701781272888,0.7936363816261292
Nick-Gaillard_1-clip-2,Action/Vehicle,60,70,0.3617233137254902,0.28546648424559523,0.07625682947989498,0.7873503765654217,0.6662846116210538,0.12106576494436794,0.27839274572649575,0.7425460120042165,0.047149822649572654,0.31801811141970876,1.0689615885416666,3.3384096225102744,0.014616199769079685,0.09885286539793015,0.4489877223968506
Nick-Gaillard_4-clip-2,Action/Vehicle,60,84,0.3547918823529412,0.27037993090057455,0.08441195145236663,0.7808339791125504,0.6550953634947873,0.12573861561776312,0.287089344017094,0.6564200147986412,0.02766562393162393,0.25812742455552024,1.3291341145833333,4.112528936068217,0.030576927587389946,0.24128657579421997,0.7227956056594849
Olly_s-Farm_1-clip-5,Farming,60,65,0.3435408039215686,0.28415451507510076,0.05938628884646785,0.782613290145254,0.6715773119476622,0.11103597819759181,0.19441253846153844,0.8707799265782038,0.04250601923076923,0.25362913465748227,0.77640380859375,2.9523272812366486,0.003949455451220274,0.10365991294384003,0.40649688243865967
Olly_s-Farm_6-clip-1,Farming,60,61,0.3657779019607843,0.26159774436038863,0.10418015760039567,0.7826317088640347,0.6456735639911989,0.13695814487283575,0.26088595085470084,0.8213420783480009,0.03297495299145299,0.6137375881274542,1.1610799153645834,3.8348075707753497,0.025932246819138527,0.1343400627374649,0.9812423586845398
Peterson-Farm-Bros_5-clip-2,Farming,60,78,0.3520509607843137,0.27845069095099045,0.07360026983332324,0.7681119104483634,0.6644023018934463,0.10370960855491707,0.19713791025641025,0.8027191037933031,0.04126431837606837,0.5595303000882268,1.2042236328125,3.672775465250015,0.016604308038949966,0.13532881438732147,0.8494864702224731
Peterson-Farm-Bros_6-clip-4,Farming,60,144,0.35308880392156866,0.26159774436038863,0.09149105956118003,0.7869579155335814,0.6454170854507905,0.14154083008279095,0.29325775427350426,0.8277338544527689,0.02623401923076923,0.5001960995917519,1.2740885416666667,3.7881609996159873,0.015346797183156013,0.10807886719703674,0.6910038590431213
Primal-Earth-Sounds_0-clip-44,Survival,60,221,0.3526460784313726,0.26159774436038863,0.09104833407098395,0.7801827327783932,0.6477618655217152,0.132420867256678,0.20193336965811964,0.8791033824284872,-0.007204363247863248,0.7981730550527573,1.2961181640625,3.883859896659851,0.005079575814306736,0.07520861178636551,0.45367419719696045
Primal-Earth-Sounds_9-clip-26,Survival,60,63,0.353581568627451,0.27824123801518497,0.07534033061226603,0.7690282876548298,0.6598562089083377,0.10917207874649204,0.2258944487179487,0.6288676100472609,0.04708142735042735,0.5146592709546288,1.2105224609375,3.6248848179976147,0.056919749826192856,0.12888485193252563,0.9483039379119873
Primitive-Technology_11-clip-8,Survival,60,62,0.37323370588235294,0.27824123801518497,0.09499246786716797,0.7777750175449099,0.6572429442325344,0.12053207331237548,0.2184755363247863,0.6463043863574663,0.029716608974358974,0.3506600521504879,0.9713053385416667,3.065526455640793,0.027487851679325104,0.19188734889030457,0.6448009014129639
Primitive-Technology_3-clip-1,Survival,60,64,0.36906331372549017,0.27824123801518497,0.0908220757103052,0.7828970285980986,0.6552422538621843,0.12765477473591436,0.28772824786324785,0.6747825841108958,0.06312760256410256,0.38662832727034885,1.1157877604166666,3.669902290900548,0.0322386771440506,0.2100217640399933,0.7916725277900696
Primitive-Technology_5-clip-0,Survival,60,70,0.36126890196078437,0.28546648424559523,0.07580241771518914,0.7872715710085448,0.6691941133714057,0.11807745763713917,0.2575159423076923,0.7311365480224291,0.11046388034188034,0.3672155160456896,1.08837890625,3.5795911411444346,0.012709598988294601,0.12214601784944534,0.5608025789260864
Primitive-Technology_6-clip-3,Survival,60,61,0.3549472941176471,0.26159774436038863,0.09334954975725845,0.7767688354615512,0.6448472801752941,0.13192155528625704,0.25808085256410257,0.7803553367654482,0.0490528547008547,0.5281825543691715,1.1953857421875,3.7751443485418954,0.012317497283220291,0.1383831650018692,0.47788000106811523
Primitive-Technology_7-clip-4,Survival,60,66,0.36736096078431374,0.2841545150751008,0.08320644570921293,0.7745830750063243,0.671177872787082,0.10340520221924232,0.2778634038461539,0.816234456996123,0.04535036965811966,0.6103692265848318,0.8875528971354166,2.758858342965444,0.013641593977808952,0.14080415666103363,0.6072044968605042
RealAgriculture_9-clip-1,Farming,60,82,0.4511186666666667,0.2745669064620873,0.1765517602045794,0.78297194484218,0.6600836122313742,0.12288833261080578,0.18678740811965813,0.8482618580261866,0.08072310897435897,0.39640763264227036,0.6885706583658854,2.4964716653029124,0.004411867819726467,0.05393265560269356,0.5031176209449768
Sandboxx_0-clip-4,Military,60,72,0.49961258823529414,0.2843470844791492,0.21526550375614495,0.7733757414924594,0.6645371756448403,0.10883856584761908,0.2335044294871795,0.5906008581320444,0.06516086538461538,0.35950557608157396,0.4443820397059123,2.173702617486318,0.04758801311254501,0.1667756736278534,0.794367253780365
Sandboxx_7-clip-0,Military,60,61,0.33778852941176474,0.26614984465818997,0.07163868475357477,0.7696171839416955,0.6449860868695412,0.12463109707215436,0.21460792307692306,0.512965874436001,0.031536841880341886,0.3052855121204629,1.2352213541666666,3.9551575581232705,0.06978878378868103,0.275668203830719,1.0727720260620117
Sandboxx_9-clip-4,Military,60,64,0.36948629411764705,0.27824123801518497,0.09124505610246209,0.7926277737716724,0.6548536039168399,0.13777416985483248,0.2797172905982906,0.554872194925944,0.035622820512820515,0.17847668829684452,1.211865234375,3.8716620365778605,0.05546755716204643,0.3468894958496094,0.8959597945213318
Survival-Instinct_11-clip-10,Survival,60,64,0.3488135882352941,0.27824123801518497,0.07057235022010916,0.7734571791327027,0.6545885653170526,0.11886861381565017,0.20913189957264958,0.7885239471991857,-0.0032560854700854703,0.2841206065689524,1.2961181640625,3.883859896659851,0.008921178057789803,0.1199251189827919,0.43207013607025146
Survival-Instinct_2-clip-1,Survival,60,61,0.35472415686274505,0.26159774436038863,0.09312641250235643,0.7856264950701263,0.6429928675664603,0.14263362750366593,0.26968115811965815,0.8133692642052969,0.05109882478632478,0.5530007320145766,1.0689615885416666,3.3384096225102744,0.017136136069893837,0.15033291280269623,0.5615721940994263
Survival-Instinct_7-clip-8,Survival,60,61,0.3705875294117647,0.26159774436038863,0.10898978505137608,0.7872828758605248,0.6442811967000492,0.14300167916047557,0.27869736965811964,0.8395784745613734,0.06053368803418803,0.5664669669543704,1.0689615885416666,3.3384096225102744,0.011333711445331573,0.12138761579990387,0.5398479104042053
Survival-Instinct_8-clip-4,Survival,60,62,0.3652629607843137,0.27824123801518497,0.08702172276912873,0.774801907070443,0.6612670027109674,0.11353490435947566,0.2129073739316239,0.8663473154107729,-0.0031770021367521373,0.4607731057330966,1.2961181640625,3.883859896659851,0.0200533214956522,0.09389012306928635,0.7953957319259644
Survival-Instinct_9-clip-2,Survival,60,65,0.34775866666666666,0.2841545150751008,0.06360415159156585,0.7710589502331967,0.6601214987028216,0.11093745153037515,0.24846733119658118,0.685107929011186,0.03929021794871795,0.41705668934931356,1.129541015625,3.4155830423037212,0.027424994856119156,0.16191686689853668,0.8460276126861572
Survival-Skills-Primitive_3-clip-0,Survival,60,65,0.37404221568627455,0.2841545150751008,0.08988770061117374,0.7868853953978769,0.6651431066433149,0.12174228875456206,0.2725561517094017,0.8324030190706253,0.04739972435897436,0.5874474067240953,1.0968180338541667,3.3187775115172067,0.022036204114556313,0.15163342654705048,0.8156930208206177
TK-Hinshaw_5-clip-0,Farming,60,86,0.3522237,0.2660264170039418,0.08619728299605817,0.7837174101454201,0.6537318666939436,0.1299855434514765,0.303520688034188,0.7188758055369059,0.02517565811965812,0.2009483557194471,0.9993937174479167,3.055393443504969,0.014334745705127716,0.15843884646892548,0.805577278137207
TK-Hinshaw_7-clip-0,Farming,60,64,0.33381868627450983,0.27824123801518497,0.05557744825932487,0.7762592215735624,0.663113922419761,0.11314529915380145,0.25259401495726497,0.5722439785798391,0.005384799145299143,0.1996890353038907,1.2696451822916666,4.10358082652092,0.06543025374412537,0.3522573709487915,0.9054278135299683
Tornado-Trackers_1-clip-0,Nature/Doc,60,61,0.3445693725490196,0.26159774436038863,0.08297162818863096,0.7701887508058757,0.6507482146677473,0.11944053613812833,0.25111131837606837,0.587417537967364,0.01764032905982906,0.27651525164643925,1.2116414388020833,4.264965188503266,0.03431516885757446,0.2337118536233902,0.8991509675979614
Tornado-Trackers_10-clip-4,Nature/Doc,60,61,0.37292361999999996,0.26159774436038863,0.11132587563961133,0.7771846596347116,0.6429229117073244,0.1342617479273872,0.28417621581196584,0.9611608410875002,-0.00044007692307692015,0.42114898065725964,1.169677734375,3.8055555403232573,0.0007198780658654869,0.02764582633972168,0.17269456386566162
Tornado-Trackers_6-clip-2,Nature/Doc,60,68,0.3866554,0.28546648424559523,0.10118891575440475,0.7917520275271701,0.6689238045205714,0.12282822300659868,0.307137547008547,0.8059221009413401,0.05823554700854701,0.5649601854383945,1.2848958333333333,4.171254388491312,0.0204135961830616,0.12063426524400711,0.5648318529129028
TreadmillTV_2-clip-1,Scenery,60,68,0.36955278,0.28546648424559523,0.0840862957544048,0.7899868909621766,0.6650762561957616,0.12491063476641495,0.31701028205128207,0.8201201458772024,0.03974431196581196,0.44574083760380745,1.1554606119791666,3.638299121459325,0.006955357268452644,0.1308828592300415,0.3976026773452759
TreadmillTV_3-clip-12,Scenery,60,62,0.35531872,0.27824123801518497,0.07707748198481501,0.7853303684651746,0.6586721161224458,0.12665825234272876,0.3103379551282051,0.8020293066898981,0.004214623931623933,0.39909534559895593,1.264892578125,3.9370945433775586,0.00734530296176672,0.108431376516819,0.5715316534042358
TreadmillTV_6-clip-2,Scenery,60,84,0.34778248,0.27037993090057455,0.07740254909942546,0.7759264989055141,0.6621821151823534,0.11374438372316076,0.22329768589743593,0.903656671444575,-0.022963431623931628,0.3357299913962682,1.1607991536458333,3.6502487401167554,0.0007087643607519567,0.0695105567574501,0.16355621814727783
TreadmillTV_9-clip-2,Scenery,60,192,0.36923648,0.26159774436038863,0.10763873563961135,0.7865633764892597,0.648473926340611,0.1380894501486487,0.2669224722222222,0.8824864303072294,0.02821565598290598,0.5059378296136856,1.17841796875,3.6140724241733553,0.0013846908695995808,0.09093628078699112,0.23483502864837646
USA-Military-Channel_0-clip-6,Military,60,67,0.36606286,0.28415451507510076,0.08190834492489923,0.7739360406374618,0.6656706674406434,0.10826537319681839,0.29689646367521366,0.849493515988191,0.016508555555555558,0.5388354919850826,1.1690185546875,4.438147093852361,0.006258633453398943,0.0944228395819664,0.43350666761398315
USA-Military-Channel_10-clip-2,Military,60,63,0.35677555999999994,0.27824123801518497,0.07853432198481497,0.7747987021134858,0.6549128292809423,0.11988587283254348,0.24182953846153848,0.8631718953450521,0.006951662393162394,0.3618051502853632,1.1994954427083333,3.7917629420757293,0.0023288626689463854,0.07131163030862808,0.21519577503204346
USA-Military-Channel_11-clip-2,Military,60,62,0.35793092000000004,0.27824123801518497,0.07968968198481508,0.777234965439825,0.6554714139711344,0.12176355146869056,0.27161212179487176,0.6853011548519135,-0.0028584700854700847,0.420308709765474,1.2653483072916667,4.1109765807787575,0.02911587432026863,0.21073012053966522,0.7272782325744629
Ultimate-Chase_3-clip-4,Action/Vehicle,60,63,0.34218339999999997,0.27824123801518497,0.063942161984815,0.7756759309538118,0.6589974547922142,0.11667847616159766,0.24878926709401708,0.7945108239849409,0.027489645299145302,0.6446172880629698,1.2763102213541666,4.05734462539355,0.021993527188897133,0.0996503010392189,0.7632518410682678
Ultimate-Chase_8-clip-0,Action/Vehicle,60,61,0.4207621,0.26159774436038863,0.1591643556396114,0.7836260317817171,0.645431281490169,0.13819475029154804,0.27366764743589744,0.7852117866277695,0.08832279914529914,0.6262730297942957,1.0347569783528645,3.280241523186366,0.02069852687418461,0.1476394534111023,0.8571503162384033
Ultimate-Chase_9-clip-0,Action/Vehicle,60,94,0.36789966,0.26159774436038863,0.10630191563961139,0.7775354435205375,0.6465201212064517,0.13101532231408575,0.24614005555555557,0.6325104578087727,0.029745604700854703,0.4045736537470172,1.2668375651041666,3.981406497955322,0.03560024872422218,0.1287592202425003,0.9744266867637634
WarLeaks-Military-Blog_9-clip-0,Military,60,72,0.39235926,0.2843470844791492,0.1080121755208508,0.7923308727706886,0.6721877936923736,0.12014307907831501,0.2224759487179487,0.7890113890171051,0.029209829059829058,0.4639872123176853,0.9068705240885416,2.979667937755585,0.02549837715923786,0.14852596819400787,0.9484766721725464
Weathershot_3-clip-1,Nature/Doc,60,67,0.36375756000000004,0.28415451507510076,0.07960304492489928,0.7765855948261888,0.662573896787065,0.11401169803912381,0.25251448290598294,0.7486584732929865,0.03895357478632478,0.41756845948596794,1.129541015625,3.4155830423037212,0.019846055656671524,0.16510449349880219,0.58315110206604
Weathershot_7-clip-0,Nature/Doc,60,90,0.34689196,0.26159774436038863,0.08529421563961137,0.7753554019763359,0.6510387710024067,0.1243166309739292,0.2155927199074074,0.6935529882709185,0.008616608796296294,0.44638814342518646,1.2961181640625,3.883859896659851,0.028814155608415604,0.16916996240615845,0.8722403049468994
Welker-Farms-Inc_3-clip-4,Farming,60,61,0.39885846,0.26159774436038863,0.1372607156396114,0.777520096498803,0.6452039078438563,0.13231618865494676,0.2297800324074074,0.41825030123194057,0.0021814768518518524,0.09843956065985061,0.5077588399251302,2.066702057917913,0.04706761613488197,0.46682241559028625,0.9287372827529907
