video_id,category,video_length,raw_video_file_length,phi_mrr,video_mrr,mrr_delta,phi_t_ndcg,video_temporal_ndcg,t_ndcg_delta,phi_cos_sim_mean,phi_cos_sim_min,video_cos_sim_mean,video_cos_sim_min,phi_cos_sim_residual_mean,phi_cos_sim_residual_min,video_cos_sim_residual_mean,video_cos_sim_residual_min,apcs_nll,apcs_perplexity,video_surprisal_var,video_surprisal_avg,video_surprisal_max,text_cos_sim,video_cos_sim,text_cos_sim_residual,video_cos_sim_residual,apcs_surprisal_nll,caption_surprisal_nll,caption_perplexity,norm_id,llama_mrr,llama_recall_at_1,llama_cos_sim_mean,llama_cos_sim_min,llama_mrr_start,llama_mrr_middle,llama_mrr_end,llama_mrr_delta,llama_vs_phi_mrr
4k-Relaxation_12-clip-6,Scenery,60,190,0.3596509038461538,0.2615977443603887,0.0980531594857651,0.7765242933348107,0.6439699505004871,0.1325543428343235,0.3309715888888889,0.1720142857142857,0.916931780676047,0.8773124441504478,0.0416449555555555,-0.0807707857142857,0.6196844925483068,0.4426493030041456,1.1131917317708333,3.3154890457789103,0.0059797810390591,0.0650329366326332,0.4972187876701355,0.3309715888888889,0.916931780676047,0.0416449555555555,0.6196844925483068,1.1131917317708333,1.1131917317708333,3.3154890457789103,4k-Relaxation_12-clip-6,0.6111110000000001,0.3333333333333333,0.5561703333333334,0.4230083333333334,0.555556,0.444444,0.833333,0.3495132556396114,0.2514600961538463
4k-Relaxation_3-clip-4,Scenery,60,118,0.3570749807692308,0.2615977443603886,0.0954772364088421,0.7742576975028703,0.6444233729638397,0.1298343245390306,0.2770226773809524,0.1255403571428571,0.9446546187003454,0.9111952682336172,0.0022387492063492,-0.0936131428571428,0.7416792636116346,0.6167372750739256,1.2698811848958331,4.029166624943415,0.00158757425379,0.0439591370522975,0.2950407862663269,0.2770226773809524,0.9446546187003454,0.0022387492063492,0.7416792636116346,1.2698811848958331,1.2698811848958331,4.029166624943415,4k-Relaxation_3-clip-4,0.4444445,0.1666665,0.43809733333333334,0.37102650000000004,,0.555556,0.333333,0.18284675563961145,0.08736951923076924
AiirSource-Military_1-clip-0,Military,60,70,0.3491234615384615,0.2854664842455952,0.0636569772928662,0.7654024434443734,0.6678446007810345,0.0975578426633388,0.2434859333333333,0.1015729285714285,0.6279818266630173,0.4557092068716883,0.0497371821428571,-0.0843799285714285,0.4760663999865452,0.2596251102319608,1.1923583984375,3.767451226711273,0.0500534661114215,0.3236621618270874,0.8197911977767944,0.2434859333333333,0.6279818266630173,0.0497371821428571,0.4760663999865452,1.1923583984375,1.1923583984375,3.767451226711273,AiirSource-Military_1-clip-0,0.4814813333333334,0.111111,0.45466111111111107,0.37036399999999997,0.611111,0.388889,0.444444,0.1960148490877382,0.13235787179487185
AiirSource-Military_12-manual,Military,60,66,0.3989759423076923,0.2841545150751007,0.1148214272325915,0.7608046959696714,0.6648626339238176,0.0959420620458537,0.3034667154761905,0.1684141428571428,0.5747674653927485,0.3661500761906306,0.0902333662698412,-0.0547212857142857,0.3558784375588099,0.0952869101117054,0.9829004923502604,3.636951581637065,0.0363425426185131,0.163164883852005,0.8236594796180725,0.3034667154761905,0.5747674653927485,0.0902333662698412,0.3558784375588099,0.9829004923502604,0.9829004923502604,3.636951581637065,AiirSource-Military_12-manual,0.5925923333333333,0.333333,0.31124811111111117,0.19393800000000003,0.583333,0.611111,0.583333,0.3084378182582326,0.193616391025641
AiirSource-Military_7-clip-1,Military,60,65,0.350327,0.2841545150751008,0.0661724849248991,0.7805530455636263,0.6688590234820821,0.1116940220815441,0.2489558174603174,0.0901002857142857,0.8433137809236845,0.7696603462100029,0.0540252031746031,-0.0746115714285714,0.6205038751165072,0.4695051973685622,1.0450642903645833,3.259187877178192,0.0110075557604432,0.1376226544380188,0.6267780065536499,0.2489558174603174,0.8433137809236845,0.0540252031746031,0.6205038751165072,1.0450642903645833,1.0450642903645833,3.259187877178192,AiirSource-Military_7-clip-1,0.4814813333333334,0.111111,0.6102750000000001,0.4923123333333333,0.611111,0.444444,0.388889,0.19732681825823256,0.13115433333333337
Army-military-2018_8-clip-73,Military,60,78,0.3542574807692307,0.2784506909509904,0.0758067898182403,0.7782996783877129,0.6651684493950696,0.1131312289926432,0.2505126706349206,0.0677611428571428,0.7821331173181534,0.6646538451313972,0.0814177888888888,-0.0956312142857142,0.6772947944700718,0.5074623473919928,1.2119710286458334,4.1324371834596,0.020569073036313,0.0957304090261459,0.7234505414962769,0.2505126706349206,0.7821331173181534,0.0814177888888888,0.6772947944700718,1.2119710286458334,1.2119710286458334,4.1324371834596,Army-military-2018_8-clip-73,0.6203703333333334,0.3333333333333333,0.4134438888888889,0.23155233333333333,0.833333,0.416667,0.611111,0.34191964238234296,0.26611285256410266
BC-Bushcraft_10-clip-8,Survival,60,86,0.3756850384615384,0.2660264170039418,0.1096586214575966,0.7766700493014518,0.6476789345532142,0.1289911147482375,0.2171540226190476,0.0633467142857142,0.6792435596386591,0.5557432267814875,0.0650243837301587,-0.0816928571428571,0.384899156478544,0.1634462545625865,0.9856814066569012,3.3804804901281997,0.0352490581572055,0.2035182863473892,0.8179433345794678,0.2171540226190476,0.6792435596386591,0.0650243837301587,0.384899156478544,0.9856814066569012,0.9856814066569012,3.3804804901281997,BC-Bushcraft_10-clip-8,0.45370366666666667,0.111111,0.5026042222222222,0.35097266666666666,0.388889,0.361111,0.611111,0.18767724966272487,0.07801862820512828
BC-Bushcraft_11-clip-31,Survival,60,204,0.3577661153846154,0.2615977443603886,0.0961683710242267,0.7716281006015465,0.6508969501841629,0.1207311504173835,0.2316006694444444,0.0853432857142857,0.761125884950161,0.6823669038712978,-0.0108902527777777,-0.1443447142857143,0.4198185750283301,0.2691386540730794,1.156396484375,3.484811965624492,0.0173219945281744,0.1376178711652755,0.8744791746139526,0.2316006694444444,0.761125884950161,-0.0108902527777777,0.4198185750283301,1.156396484375,1.156396484375,3.484811965624492,BC-Bushcraft_11-clip-31,0.462963,0.222222,0.270861,0.12827533333333332,0.583333,0.5,0.305556,0.20136525563961144,0.10519688461538462
BC-Bushcraft_2-clip-2,Survival,60,66,0.3293339615384615,0.2841545150751007,0.0451794464633607,0.7721015936352862,0.6685677078363099,0.1035338857989762,0.216947421031746,0.0347416428571428,0.8157356753945351,0.6033252210666736,0.0476400095238095,-0.0622469285714285,0.4557281577338775,0.2002256497119864,0.975189208984375,3.242989840110143,0.0172931645065546,0.1202019825577735,0.90215402841568,0.216947421031746,0.8157356753945351,0.0476400095238095,0.4557281577338775,0.975189208984375,0.975189208984375,3.242989840110143,BC-Bushcraft_2-clip-2,0.6574073333333333,0.4444443333333334,0.5761240000000001,0.49513333333333326,0.777778,0.583333,0.611111,0.37325281825823264,0.32807337179487184
BC-Bushcraft_9-clip-5,Survival,60,64,0.3519021538461538,0.2782412380151849,0.0736609158309689,0.7822328404694601,0.6617127777697043,0.1205200626997557,0.3154951404761905,0.1681727857142857,0.7946407248576483,0.7084952387958765,0.0657855853174603,-0.1156954999999999,0.5706130143565437,0.402790532913059,0.9690775553385416,3.165412453810374,0.0092161782085895,0.1710265874862671,0.7139466404914856,0.3154951404761905,0.7946407248576483,0.0657855853174603,0.5706130143565437,0.9690775553385416,0.9690775553385416,3.165412453810374,BC-Bushcraft_9-clip-5,0.5092593333333334,0.22222233333333333,0.5279858888888889,0.4345463333333333,0.777778,0.333333,0.416667,0.2310180953181485,0.1573571794871796
Bertram-Craft_12-clip-25,Survival,60,66,0.4127826923076923,0.2841545150751008,0.1286281772325915,0.7780556890211977,0.661246229161413,0.1168094598597847,0.2233104722222222,0.0858172857142857,0.8606233969330788,0.7642238686482111,0.0294278099206349,-0.0929693571428571,0.6075435864428679,0.3455831459723413,0.4858139038085937,2.000734623273213,0.0109243420884013,0.1216436326503753,0.5092411637306213,0.2233104722222222,0.8606233969330788,0.0294278099206349,0.6075435864428679,0.4858139038085937,0.4858139038085937,2.000734623273213,Bertram-Craft_12-clip-25,0.537037,0.222222,0.39210100000000003,0.2472266666666667,0.555556,0.611111,0.444444,0.2528824849248992,0.12425430769230766
Bertram-Craft_2-clip-3,Survival,60,66,0.3386647115384615,0.2841545150751008,0.0545101964633607,0.7743752483261908,0.6615230697037494,0.1128521786224413,0.1860872333333333,0.0399894285714285,0.7580148627360662,0.6145895291119814,0.063828746031746,-0.0854662857142857,0.6419952300687631,0.4434769557168086,1.0741048177083334,3.2250301043192544,0.0266970098018646,0.1331721395254135,0.7620462775230408,0.1860872333333333,0.7580148627360662,0.063828746031746,0.6419952300687631,1.0741048177083334,1.0741048177083334,3.2250301043192544,Bertram-Craft_2-clip-3,0.6296296666666666,0.3333333333333333,0.31657688888888885,0.19568366666666667,0.777778,0.666667,0.444444,0.34547515159156583,0.29096495512820514
Bertram-Craft_5-clip-33,Survival,60,88,0.363333673076923,0.2660264170039418,0.0973072560729811,0.7796978399055648,0.652215866215817,0.1274819736897479,0.3290928464285714,0.1323562142857142,0.8767072881261507,0.8265203709403673,0.0417767583333333,-0.0963367142857142,0.6785428275664648,0.5545697386066119,1.0170450846354169,3.112874672810237,0.0052241240628063,0.0967116728425026,0.4987465143203735,0.3290928464285714,0.8767072881261507,0.0417767583333333,0.6785428275664648,1.0170450846354169,1.0170450846354169,3.112874672810237,Bertram-Craft_5-clip-33,0.472222,0.111111,0.5463656666666667,0.41912466666666665,0.444444,0.611111,0.361111,0.20619558299605817,0.10888832692307698
Chad-Zuber_10-clip-20,Survival,60,66,0.33853125,0.2841545150751007,0.0543767349248992,0.7786855524717601,0.6663568898340625,0.1123286626376975,0.178650465079365,0.0458411428571428,0.6538388778765997,0.5023623226831356,0.0346893789682539,-0.1249462142857142,0.5373933570614705,0.3087190892547369,1.1117350260416667,3.3198652346928914,0.0408721752464771,0.1495905369520187,0.9402682781219482,0.178650465079365,0.6538388778765997,0.0346893789682539,0.5373933570614705,1.1117350260416667,1.1117350260416667,3.3198652346928914,Chad-Zuber_10-clip-20,0.6111110000000001,0.3333333333333333,0.31049377777777776,0.12471966666666667,0.833333,0.444444,0.555556,0.32695648492489937,0.27257975000000007
Chad-Zuber_4-clip-2,Survival,60,71,0.3442569807692308,0.2843470844791492,0.0599098962900815,0.7665738187333525,0.670344214982627,0.0962296037507255,0.1882696726190476,0.0109743571428571,0.6841427882512411,0.5833769806971153,0.0463072567460317,-0.1080354285714285,0.4604394549193482,0.2930911164730787,0.9132700602213542,2.99363825917244,0.0408852994441986,0.1987241208553314,0.7214463949203491,0.1882696726190476,0.6841427882512411,0.0463072567460317,0.4604394549193482,0.9132700602213542,0.9132700602213542,2.99363825917244,Chad-Zuber_4-clip-2,0.5555553333333333,0.222222,0.3965898888888889,0.23667466666666667,0.611111,0.611111,0.444444,0.2712082488541841,0.2112983525641025
Chad-Zuber_5-clip-0,Survival,60,61,0.3698347647058823,0.2615977443603886,0.1082370203454937,0.7860223641333094,0.6441163823884481,0.1419059817448612,0.223895,0.0950238461538461,0.5445588044822216,0.1724221079299847,0.0863470576923076,-0.0258596153846153,0.4588334610064824,0.0848904948992033,1.1387003580729167,3.869466410080592,0.0847078412771225,0.2339192181825637,0.978542685508728,0.223895,0.5445588044822216,0.0863470576923076,0.4588334610064824,1.1387003580729167,1.1387003580729167,3.869466410080592,Chad-Zuber_5-clip-0,0.5277776666666666,0.222222,0.31189766666666663,0.18909466666666666,0.527778,0.444444,0.611111,0.266179922306278,0.1579429019607843
Climate-Change_0-clip-4,Nature/Doc,60,65,0.3610529607843137,0.2841545150751008,0.0768984457092128,0.7810114744322472,0.6605139614646212,0.120497512967626,0.2561404145299145,0.0983593076923076,0.5403367665906748,0.3503723169366519,0.0391777072649572,-0.075041,0.3128126924857496,0.0803155536753668,1.0689615885416666,3.3384096225102744,0.0403472818434238,0.2709543108940124,0.8012502789497375,0.2561404145299145,0.5403367665906748,0.0391777072649572,0.3128126924857496,1.0689615885416666,1.0689615885416666,3.3384096225102744,Climate-Change_0-clip-4,0.462963,0.111111,0.42422600000000005,0.23886366666666667,0.555556,0.444444,0.388889,0.1788084849248992,0.10191003921568631
Climate-Change_2-clip-4,Nature/Doc,60,61,0.3582045686274509,0.2615977443603886,0.0966068242670623,0.7704463789704492,0.6430886415505652,0.127357737419884,0.199138032051282,0.0893736923076923,0.5691877231001854,0.4131060298532247,0.0014247286324786,-0.1142080769230769,0.2753168372437357,0.0432909269196291,1.2961181640625,3.883859896659851,0.026395158842206,0.2629519701004028,0.7864338755607605,0.199138032051282,0.5691877231001854,0.0014247286324786,0.2753168372437357,1.2961181640625,1.2961181640625,3.883859896659851,Climate-Change_2-clip-4,0.6018519999999999,0.333333,0.3104566666666667,0.21133900000000003,0.666667,0.527778,0.611111,0.34025425563961137,0.24364743137254902
Climate-Change_6-clip-7,Nature/Doc,60,64,0.3539589411764706,0.2782412380151849,0.0757177031612856,0.7724975920326062,0.6594194763655301,0.113078115667076,0.2076168098290598,0.0891818461538461,0.5872921360035738,0.3376483349129557,-0.0031306645299145,-0.0932617692307692,0.4481811280517528,0.1318904433635831,1.2961181640625,3.883859896659851,0.0492564961314201,0.3292622864246368,0.993759274482727,0.2076168098290598,0.5872921360035738,-0.0031306645299145,0.4481811280517528,1.2961181640625,1.2961181640625,3.883859896659851,Climate-Change_6-clip-7,0.398148,0.0,0.4630658888888889,0.26143666666666665,0.416667,0.333333,0.444444,0.11990676198481509,0.044189058823529415
Climate-Change_7-clip-3,Nature/Doc,60,62,0.3787078235294117,0.2782412380151849,0.1004665855142267,0.7779874905868821,0.65797003077624,0.1200174598106421,0.2407166324786324,0.1022120769230769,0.5832973358531793,0.4069414947492381,0.0502999935897435,-0.0653800769230769,0.4083960832407077,0.1897708383233597,1.0968180338541669,3.3187775115172067,0.048335961997509,0.2509671151638031,0.9073359966278076,0.2407166324786324,0.5832973358531793,0.0502999935897435,0.4083960832407077,1.0968180338541669,1.0968180338541669,3.3187775115172067,Climate-Change_7-clip-3,0.4351853333333333,0.0,0.3586364444444444,0.23704899999999998,0.388889,0.416667,0.5,0.1569440953181484,0.05647750980392163
Dan-Robinson_3-clip-3,Action/Vehicle,60,61,0.3890814509803921,0.2615977443603886,0.1274837066200035,0.7908304140941607,0.6521941278084146,0.1386362862857461,0.3166383547008546,0.1648864615384615,0.8021952783068022,0.6777350443104903,0.0351971816239316,-0.0985012307692307,0.4531240241291622,0.2615220438068111,1.2231852213541667,3.9245198567708335,0.0155448224395513,0.1380499452352523,0.5876062512397766,0.3166383547008546,0.8021952783068022,0.0351971816239316,0.4531240241291622,1.2231852213541667,1.2231852213541667,3.9245198567708335,Dan-Robinson_3-clip-3,0.472222,0.111111,0.5494844444444444,0.4594336666666667,0.444444,0.388889,0.583333,0.2106242556396114,0.08314054901960788
Gung-Ho-Vids_0-clip-2,Action/Vehicle,60,90,0.3508161764705882,0.2615977443603886,0.0892184321101996,0.7706506685730244,0.6487755335350428,0.1218751350379816,0.2082470235042735,0.0507597692307692,0.7961320529381434,0.7318384324510893,0.041629235042735,-0.1161123076923077,0.5344091206789017,0.3560436762248476,1.1032063802083334,3.556347139676412,0.0123906694352626,0.0991495251655578,0.5461013317108154,0.2082470235042735,0.7961320529381434,0.041629235042735,0.5344091206789017,1.1032063802083334,1.1032063802083334,3.556347139676412,Gung-Ho-Vids_0-clip-2,0.6296296666666666,0.333333,0.5091401111111111,0.4092466666666667,0.611111,0.611111,0.666667,0.36803192230627807,0.27881349019607843
Gung-Ho-Vids_12-clip-1,Action/Vehicle,60,61,0.3690396666666666,0.2615977443603886,0.107441922306278,0.7813290426463226,0.6384341562013349,0.1428948864449877,0.2462351965811965,0.1189026153846153,0.8874910697340965,0.833652913570404,0.0228232735042735,-0.0821578461538461,0.5617660197118918,0.3727929121814668,1.001123046875,3.064340893427531,0.0076369387097656,0.0713246539235115,0.4733130931854248,0.2462351965811965,0.8874910697340965,0.0228232735042735,0.5617660197118918,1.001123046875,1.001123046875,3.064340893427531,Gung-Ho-Vids_12-clip-1,0.7685186666666667,0.666667,0.6446537777777777,0.555019,0.777778,0.75,0.777778,0.506920922306278,0.3994790000000001
Gung-Ho-Vids_2-clip-2,Action/Vehicle,60,64,0.3477257058823529,0.2782412380151849,0.0694844678671679,0.7804461432387718,0.6615616232361771,0.1188845200025947,0.2254574102564102,0.0631918461538461,0.7990251953403155,0.7266047050555547,0.0516850491452991,-0.1051068461538461,0.6705187273522218,0.5450901926184694,1.1503580729166667,3.594843498865764,0.0294913090765476,0.164565771818161,0.7372684478759766,0.2254574102564102,0.7990251953403155,0.0516850491452991,0.6705187273522218,1.1503580729166667,1.1503580729166667,3.594843498865764,Gung-Ho-Vids_2-clip-2,0.564815,0.333333,0.5577044444444444,0.41931399999999996,0.555556,0.583333,0.555556,0.28657376198481505,0.21708929411764705
Gung-Ho-Vids_5-clip-2,Action/Vehicle,60,62,0.3636676078431373,0.2782412380151849,0.0854263698279523,0.7825233262416054,0.6557605546872629,0.1267627715543424,0.2477798888888888,0.1190253846153846,0.6176031678915024,0.4795712667206923,0.0423039465811965,-0.0888266153846153,0.3545944207968811,0.1715448610290574,1.0968180338541669,3.3187775115172067,0.0337318107485771,0.2072351723909378,0.7930401563644409,0.2477798888888888,0.6176031678915024,0.0423039465811965,0.3545944207968811,1.0968180338541669,1.0968180338541669,3.3187775115172067,Gung-Ho-Vids_5-clip-2,0.527778,0.222222,0.5090941111111111,0.4286903333333334,0.555556,0.416667,0.611111,0.24953676198481506,0.16411039215686268
Gung-Ho-Vids_8-clip-0,Action/Vehicle,60,61,0.325511156862745,0.2677127164251917,0.0577984404375533,0.7619557961941593,0.6453310832266176,0.1166247129675417,0.2082843482905983,0.0760236153846153,0.5752740229169527,0.374691577317814,0.00032097008547,-0.1059256153846153,0.2988421342646082,-0.0094779377492765,1.2961181640625,3.883859896659851,0.0351319573819637,0.207571655511856,0.9420053362846376,0.2082843482905983,0.5752740229169527,0.00032097008547,0.2988421342646082,1.2961181640625,1.2961181640625,3.883859896659851,Gung-Ho-Vids_8-clip-0,0.5277776666666666,0.222222,0.34230266666666664,0.211786,0.611111,0.361111,0.611111,0.2600649502414749,0.20226650980392158
Hamiltonville-Farm_1-clip-4,Farming,60,65,0.3677091568627451,0.2841545150751007,0.0835546417876443,0.7827067904835469,0.6693010309848334,0.1134057594987134,0.1301401068376068,-0.0235498461538461,0.8385570223132769,0.6698051858693361,0.0137843675213675,-0.1676303076923077,0.709501481304566,0.4636789175371329,0.9622090657552084,3.057557608683904,0.017048118636012,0.0861670896410942,0.8633196949958801,0.1301401068376068,0.8385570223132769,0.0137843675213675,0.709501481304566,0.9622090657552084,0.9622090657552084,3.057557608683904,Hamiltonville-Farm_1-clip-4,0.5555556666666667,0.333333,0.15183933333333333,0.09114166666666666,0.5,0.555556,0.611111,0.27140115159156597,0.1878465098039216
Hamiltonville-Farm_2-clip-0,Farming,60,63,0.3643082941176471,0.2782412380151849,0.0860670561024621,0.7845499810587148,0.6566951149773564,0.1278548660813583,0.2034667478632478,0.0639084615384615,0.7365324099858602,0.5800533841053644,0.0593831196581196,-0.076102,0.5464210646847883,0.3148054260139664,1.0591389973958334,3.2504576285680136,0.0216125901788473,0.178550973534584,0.6304126381874084,0.2034667478632478,0.7365324099858602,0.0593831196581196,0.5464210646847883,1.0591389973958334,1.0591389973958334,3.2504576285680136,Hamiltonville-Farm_2-clip-0,0.5833333333333333,0.333333,0.49737933333333334,0.375689,0.527778,0.611111,0.611111,0.30509209531814835,0.21902503921568617
Hamiltonville-Farm_6-clip-18,Farming,60,68,0.3441484509803921,0.2854664842455952,0.0586819667347969,0.7679642504219347,0.6684663972338983,0.0994978531880363,0.249925985042735,0.106189,0.8061574697494507,0.6960681304335594,0.0491181132478632,-0.0719977692307692,0.2908409566928943,0.0795939409484465,1.129541015625,3.415583042303721,0.0129524115473032,0.1142211258411407,0.6102101802825928,0.249925985042735,0.8061574697494507,0.0491181132478632,0.2908409566928943,1.129541015625,1.129541015625,3.415583042303721,Hamiltonville-Farm_6-clip-18,0.4444443333333333,0.111111,0.34737666666666667,0.14640333333333333,0.527778,0.444444,0.361111,0.1589778490877381,0.10029588235294118
Hamiltonville-Farm_8-clip-3,Farming,60,62,0.3770129411764706,0.2782412380151849,0.0987717031612856,0.7838391311062967,0.6578134280910044,0.1260257030152922,0.2359119957264957,0.0479702307692307,0.7475785464048386,0.6191212125122547,0.0476742991452991,-0.1467474615384615,0.5397745768229166,0.339221800211817,1.1782063802083331,3.753686863183975,0.0189251042902469,0.1878811717033386,0.7810719013214111,0.2359119957264957,0.7475785464048386,0.0476742991452991,0.5397745768229166,1.1782063802083331,1.1782063802083331,3.753686863183975,Hamiltonville-Farm_8-clip-3,0.48148133333333326,0.111111,0.5252921111111111,0.4862496666666667,0.444444,0.388889,0.611111,0.20324009531814835,0.10446839215686266
How-Farms-Work_10-clip-1,Farming,60,147,0.3500479215686274,0.2615977443603886,0.0884501772082387,0.7754124882497606,0.6457854913421268,0.1296269969076338,0.1885385726495726,0.0498446153846153,0.7176369354128838,0.602465125421683,0.0242483333333333,-0.110115923076923,0.5436315524081389,0.3790500021229188,1.0575154622395833,3.286509696642558,0.0283069908618927,0.2397532016038894,0.8058868646621704,0.1885385726495726,0.7176369354128838,0.0242483333333333,0.5436315524081389,1.0575154622395833,1.0575154622395833,3.286509696642558,How-Farms-Work_10-clip-1,0.4814813333333334,0.111111,0.25581255555555554,0.10274533333333334,0.611111,0.444444,0.388889,0.2198835889729448,0.13143341176470597
How-Farms-Work_3-clip-2,Farming,60,64,0.3537799803921568,0.2782412380151849,0.0755387423769718,0.773521192137867,0.6625924716805913,0.1109287204572756,0.2762572713675214,0.1172120769230769,0.8029635846614838,0.7340273509422938,0.053056938034188,-0.0760116923076923,0.602697047094504,0.4821767254422108,1.063525390625,3.455291122198105,0.0251839440315961,0.212462842464447,0.7666135430335999,0.2762572713675214,0.8029635846614838,0.053056938034188,0.602697047094504,1.063525390625,1.063525390625,3.455291122198105,How-Farms-Work_3-clip-2,0.7129630000000001,0.5555553333333334,0.5082087777777777,0.3053713333333334,1.0,0.583333,0.555556,0.4347217619848152,0.3591830196078433
How-Farms-Work_5-clip-0,Farming,60,61,0.3652499411764706,0.2615977443603886,0.1036521968160819,0.7826711593969203,0.6539370890822654,0.1287340703146549,0.1196833504273504,0.0127257692307692,0.4890356548130512,0.1924299554278453,0.0070976047008547,-0.0965582307692307,0.2679997208373,-0.0391268675836423,1.039453125,3.2633036692937214,0.0467650480568409,0.3069207072257995,1.0544750690460205,0.1196833504273504,0.4890356548130512,0.0070976047008547,0.2679997208373,1.039453125,1.039453125,3.2633036692937214,How-Farms-Work_5-clip-0,0.462963,0.111111,0.4033483333333333,0.19076533333333334,0.555556,0.388889,0.444444,0.20136525563961144,0.09771305882352943
How-Farms-Work_8-clip-4,Farming,60,72,0.3715159607843137,0.2843470844791492,0.0871688763051645,0.7814262562790395,0.6727799386149577,0.1086463176640818,0.2436524764957265,0.1037086153846153,0.6868016297618548,0.5921179987490177,0.0580771538461538,-0.083686,0.2907366051028172,0.1529902039716641,1.072216796875,3.278319561481476,0.0127875134348869,0.1958202123641967,0.726111114025116,0.2436524764957265,0.6868016297618548,0.0580771538461538,0.2907366051028172,1.072216796875,1.072216796875,3.278319561481476,How-Farms-Work_8-clip-4,0.6203706666666666,0.4444443333333334,0.3962856666666667,0.2535926666666667,0.777778,0.527778,0.555556,0.33602358218751743,0.24885470588235292
How-Farms-Work_9-manual,Farming,60,141,0.3526522745098039,0.2615977443603887,0.0910545301494152,0.781921396483772,0.648859425778961,0.1330619707048109,0.2521468012820512,0.1456745384615384,0.5918923765420914,0.4886032305657863,0.0884476559829059,-0.0276852307692307,0.3753288775818267,0.2224557576021955,1.1660319010416669,3.9694294214248655,0.0401002615690231,0.2998495399951935,0.738161563873291,0.2521468012820512,0.5918923765420914,0.0884476559829059,0.3753288775818267,1.1660319010416669,1.1660319010416669,3.9694294214248655,How-Farms-Work_9-manual,0.6111113333333333,0.333333,0.4802214444444444,0.37122800000000006,0.666667,0.555556,0.611111,0.34951358897294466,0.25845905882352943
Joe-Robinet_0-clip-23,Survival,60,65,0.3746458235294117,0.2841545150751007,0.0904913084543109,0.7787374226626946,0.6721381455749456,0.106599277087749,0.2298413952991453,0.0768382307692307,0.7534344010055065,0.6174568332110842,0.0872533012820512,-0.0471213846153846,0.6716263983398676,0.5128899803385139,1.1140706380208334,3.4260943214098614,0.0367816463112831,0.1307731419801712,0.904406487941742,0.2298413952991453,0.7534344010055065,0.0872533012820512,0.6716263983398676,1.1140706380208334,1.1140706380208334,3.4260943214098614,Joe-Robinet_0-clip-23,0.7407406666666666,0.5555556666666667,0.4550166666666667,0.28415533333333337,0.611111,0.777778,0.833333,0.4565861515915659,0.3660948431372549
Joe-Robinet_2-clip-5,Survival,60,75,0.3740090980392156,0.2818218117485938,0.0921872862906218,0.7887609487219587,0.6706575074697559,0.1181034412522027,0.2593328311965812,0.0869053846153846,0.7769680842757225,0.6097405776381493,0.0933086816239316,-0.0750115384615384,0.3684353580077489,0.1023627989149342,1.02828369140625,3.200237282117208,0.0076702046208083,0.1383701264858245,0.5408700704574585,0.2593328311965812,0.7769680842757225,0.0933086816239316,0.3684353580077489,1.02828369140625,1.02828369140625,3.200237282117208,Joe-Robinet_2-clip-5,0.5092593333333334,0.222222,0.4714977777777778,0.30528666666666665,0.583333,0.388889,0.555556,0.22743752158473962,0.13525023529411778
Joe-Robinet_4-clip-0,Survival,60,178,0.3733272745098039,0.2615977443603886,0.1117295301494153,0.7703265125195582,0.6498877736923415,0.1204387388272166,0.2189700747863248,0.072923923076923,0.6538871551553408,0.4895402936575313,0.0616535448717948,-0.0863291538461538,0.4552621518572171,0.2519696950136373,1.1193186442057292,3.4545996566613515,0.0184677839279174,0.1802099645137787,0.664716899394989,0.2189700747863248,0.6538871551553408,0.0616535448717948,0.4552621518572171,1.1193186442057292,1.1193186442057292,3.4545996566613515,Joe-Robinet_4-clip-0,0.675926,0.4444443333333334,0.2926662222222222,0.13796733333333333,0.666667,0.583333,0.777778,0.41432825563961145,0.3025987254901961
Joe-Robinet_5-clip-23,Survival,60,61,0.342438862745098,0.2615977443603886,0.0808411183847094,0.7711970026743876,0.6463153082530861,0.1248816944213014,0.237200829059829,0.0775546923076923,0.6969767635067304,0.5763649294773737,0.0620725619658119,-0.0746386923076923,0.5337587433556715,0.3529873769730329,1.1739501953125,3.777825597922008,0.0191061720252037,0.2225056141614914,0.7204118967056274,0.237200829059829,0.6969767635067304,0.0620725619658119,0.5337587433556715,1.1739501953125,1.1739501953125,3.777825597922008,Joe-Robinet_5-clip-23,0.462963,0.111111,0.4824616666666667,0.3947196666666666,0.5,0.277778,0.611111,0.20136525563961144,0.12052413725490202
John-Suscovich_0-clip-1,Farming,60,76,0.3653133529411764,0.2818218117485938,0.0834915411925826,0.7727147085491776,0.6742857581849094,0.0984289503642681,0.1704861923076923,0.0092079999999999,0.8302533949414889,0.787358745932579,0.0091009038461538,-0.1442352307692307,0.6446255582074324,0.5559693872928619,1.1307169596354167,3.620191222429276,0.0121192820370197,0.0996063798666,0.691795825958252,0.1704861923076923,0.8302533949414889,0.0091009038461538,0.6446255582074324,1.1307169596354167,1.1307169596354167,3.620191222429276,John-Suscovich_0-clip-1,0.5462963333333334,0.222222,0.507684,0.3998526666666667,0.666667,0.583333,0.388889,0.2644745215847396,0.180982980392157
John-Suscovich_10-manual,Farming,60,124,0.3722743529411764,0.2615977443603886,0.1106766085807878,0.7822764444679166,0.6504387709194799,0.1318376735484366,0.2483555128205128,0.101552923076923,0.785679747040073,0.6917150147880117,0.061279017094017,-0.0900997692307692,0.543217146769166,0.3615712641427914,1.0376424153645831,3.128991381327311,0.0244143195450305,0.1623916029930114,0.7500581741333008,0.2483555128205128,0.785679747040073,0.061279017094017,0.543217146769166,1.0376424153645831,1.0376424153645831,3.128991381327311,John-Suscovich_10-manual,0.5833336666666668,0.333333,0.37316344444444444,0.21971700000000002,0.666667,0.555556,0.527778,0.3217359223062782,0.21105931372549036
John-Suscovich_12-clip-0,Farming,60,79,0.3393377843137254,0.2784506909509904,0.060887093362735,0.7781740769848361,0.6689426451012342,0.1092314318836018,0.1840437158119658,0.0381488461538461,0.766329733033975,0.6639733679282168,0.016048532051282,-0.128958,0.3835371043533087,0.033098720634977,1.127783203125,3.560422690709432,0.0409236028790473,0.1201567128300666,0.9832942485809326,0.1840437158119658,0.766329733033975,0.016048532051282,0.3835371043533087,1.127783203125,1.127783203125,3.560422690709432,John-Suscovich_12-clip-0,0.5925926666666667,0.3333333333333333,0.427532,0.287529,0.777778,0.611111,0.388889,0.31414197571567626,0.25325488235294125
John-Suscovich_2-clip-3,Farming,60,95,0.3725773725490196,0.2615977443603887,0.1109796281886309,0.7774780105256581,0.6487138923111065,0.1287641182145515,0.2643935341880342,0.0902144615384615,0.8352497046192487,0.7726374591390291,0.0085408098290598,-0.1256893846153846,0.598061827942729,0.4315910451114177,0.9955281575520832,3.04869323571523,0.0088780364021658,0.1141888424754142,0.716454267501831,0.2643935341880342,0.8352497046192487,0.0085408098290598,0.598061827942729,0.9955281575520832,0.9955281575520832,3.04869323571523,John-Suscovich_2-clip-3,0.5277776666666666,0.222222,0.47610755555555556,0.31810066666666664,0.583333,0.611111,0.388889,0.2661799223062779,0.15520029411764696
John-Suscovich_3-manual,Farming,60,76,0.3717332745098039,0.2818218117485938,0.08991146276121,0.7837296330899237,0.673454445243749,0.1102751878461747,0.1951290598290598,0.0917223076923077,0.5580588225275278,0.4487456811281542,0.080625423076923,-0.0482687692307692,0.3541433221350114,0.2053377848739425,0.7385467529296875,2.6701866924762725,0.0558581762015819,0.3132389485836029,1.0238778591156006,0.1951290598290598,0.5580588225275278,0.080625423076923,0.3541433221350114,0.7385467529296875,0.7385467529296875,2.6701866924762725,John-Suscovich_3-manual,0.5740740000000001,0.3333333333333333,0.2936784444444444,0.19203533333333334,0.583333,0.75,0.388889,0.2922521882514063,0.20234072549019616
King-Kong-Amazon_11-clip-7,Nature/Doc,60,65,0.3630598235294118,0.2841545150751008,0.0789053084543109,0.7820617768129114,0.665411604707065,0.1166501721058465,0.2374639615384615,0.1049715384615384,0.8724515413244566,0.751309260725975,0.0442361217948718,-0.0956453846153846,0.6363966288045049,0.3304261342467119,1.1601806640625,3.586807465553284,0.0082361726090312,0.0615420974791049,0.4155899286270141,0.2374639615384615,0.8724515413244566,0.0442361217948718,0.6363966288045049,1.1601806640625,1.1601806640625,3.586807465553284,King-Kong-Amazon_11-clip-7,0.5740743333333334,0.333333,0.30936755555555556,0.17913066666666666,0.555556,0.555556,0.611111,0.28991981825823254,0.21101450980392156
King-Kong-Amazon_5-clip-14,Nature/Doc,60,89,0.3830222352941176,0.2615977443603887,0.1214244909337289,0.7800319084401064,0.646557628259103,0.1334742801810033,0.2152923205128205,0.0767191538461538,0.7885451267162958,0.6973558540145556,0.0127082243589743,-0.0949221538461538,0.4827326536954691,0.2737227569644649,1.2961181640625,3.883859896659851,0.0084209302440285,0.0924010053277015,0.6453543901443481,0.2152923205128205,0.7885451267162958,0.0127082243589743,0.4827326536954691,1.2961181640625,1.2961181640625,3.883859896659851,King-Kong-Amazon_5-clip-14,0.45370366666666667,0.111111,0.33924544444444443,0.24304233333333333,0.361111,0.388889,0.611111,0.192105922306278,0.07068143137254906
MilitaryNotes_10-clip-0,Military,60,62,0.3521541372549019,0.2812919324820616,0.0708622047728403,0.7767096611477382,0.6568563353878667,0.1198533257598715,0.2443405256410256,0.0866927692307692,0.6202444024384022,0.4227269853193623,0.0151742948717948,-0.1295336153846153,0.4104942505558331,0.2032928286547151,1.4066650390625,5.047762062152227,0.0411775149405002,0.1735899001359939,0.9714465141296388,0.2443405256410256,0.6202444024384022,0.0151742948717948,0.4104942505558331,1.4066650390625,1.4066650390625,5.047762062152227,MilitaryNotes_10-clip-0,0.6203703333333332,0.333333,0.3951596666666667,0.23383066666666666,0.611111,0.583333,0.666667,0.33907840085127167,0.26821619607843133
MilitaryNotes_11-clip-1,Military,60,62,0.3460141960784313,0.2782412380151849,0.0677729580632464,0.7757548823045761,0.6540361799702568,0.1217187023343193,0.247248532051282,0.1090373846153846,0.5450506533185641,0.357329415778319,0.0342538717948718,-0.1041606153846153,0.2800779134655992,-0.023218241908277,1.2120035807291667,3.942752675215403,0.049769040197134,0.2746806740760803,0.818047821521759,0.247248532051282,0.5450506533185641,0.0342538717948718,0.2800779134655992,1.2120035807291667,1.2120035807291667,3.942752675215403,MilitaryNotes_11-clip-1,0.5555556666666667,0.222222,0.38059766666666667,0.18673266666666666,0.388889,0.666667,0.611111,0.27731442865148176,0.20954147058823536
MilitaryNotes_8-clip-0,Military,60,70,0.3633970784313725,0.2892287157034178,0.0741683627279546,0.7737139125364425,0.6673190338410264,0.106394878695416,0.1881662179487179,0.0584530769230769,0.4467601384967565,0.3050062498077749,0.0462153076923077,-0.0788519999999999,0.2688835734928337,0.0572758850951989,1.0830973307291667,3.862542959054311,0.0563097484409809,0.2327689528465271,1.097947120666504,0.1881662179487179,0.4467601384967565,0.0462153076923077,0.2688835734928337,1.0830973307291667,1.0830973307291667,3.862542959054311,MilitaryNotes_8-clip-0,0.5648146666666667,0.333333,0.27624933333333335,0.08671366666666667,0.5,0.583333,0.611111,0.2755859509632489,0.2014175882352942
Millennial-Farmer_1-clip-11,Farming,60,61,0.466247568627451,0.2615977443603886,0.2046498242670623,0.7812411899013963,0.6464840744745766,0.1347571154268197,0.2185730363247863,0.0407628461538461,0.5578526481986046,0.2890231031924485,0.0695008589743589,-0.1276073846153846,0.3988981917500496,0.0472286730073392,0.5034589131673177,2.2179651240507763,0.0524299293756485,0.2623693645000458,0.8501675128936768,0.2185730363247863,0.5578526481986046,0.0695008589743589,0.3988981917500496,0.5034589131673177,0.5034589131673177,2.2179651240507763,Millennial-Farmer_1-clip-11,0.574074,0.222222,0.42409277777777776,0.26430966666666666,0.611111,0.611111,0.5,0.3124762556396114,0.10782643137254899
Millennial-Farmer_7-clip-13,Farming,60,61,0.3551230784313726,0.2615977443603886,0.0935253340709839,0.78064740891364,0.642782880216959,0.1378645286966811,0.2359967371794872,0.1055038461538461,0.5130540505051613,0.3240449863175551,0.0671614722222222,-0.0884518461538461,0.3265210731575886,0.0778308286874865,1.1961588541666666,3.814932813247045,0.0470768027007579,0.3139894306659698,0.8387292623519897,0.2359967371794872,0.5130540505051613,0.0671614722222222,0.3265210731575886,1.1961588541666666,1.1961588541666666,3.814932813247045,Millennial-Farmer_7-clip-13,0.6296296666666666,0.333333,0.3305537777777777,0.21403433333333335,0.666667,0.611111,0.611111,0.36803192230627807,0.27450658823529406
Millennial-Farmer_8-clip-16,Farming,60,95,0.3544001960784314,0.2615977443603887,0.0928024517180426,0.7766766770168424,0.6481110608891465,0.1285656161276959,0.1718662136752136,0.0445257692307692,0.6827651684482893,0.5484224917987982,0.0491750384615384,-0.0927991538461538,0.3759549210468928,0.1423096081707626,1.2626749674479167,4.163866053024928,0.0238650944083929,0.1716505289077758,0.7568811774253845,0.1718662136752136,0.6827651684482893,0.0491750384615384,0.3759549210468928,1.2626749674479167,1.2626749674479167,4.163866053024928,Millennial-Farmer_8-clip-16,0.49999999999999994,0.222222,0.3293525555555556,0.26302366666666666,0.611111,0.527778,0.361111,0.23840225563961126,0.14559980392156857
Natural-Disaster_10-clip-0,Nature/Doc,60,62,0.372472431372549,0.2782412380151849,0.094231193357364,0.777402204631103,0.6543990141686035,0.1230031904624995,0.271829047008547,0.1178834615384615,0.619526327898105,0.4748631743714213,0.0203369978632478,-0.1323518461538461,0.4199283514171839,0.1907937192202856,1.3679931640625,4.667583709955215,0.0361540615558624,0.2954701781272888,0.7936363816261292,0.271829047008547,0.619526327898105,0.0203369978632478,0.4199283514171839,1.3679931640625,1.3679931640625,4.667583709955215,Natural-Disaster_10-clip-0,0.6666666666666666,0.4444443333333334,0.39150722222222223,0.26864933333333335,0.555556,0.833333,0.611111,0.3884254286514817,0.29419423529411765
Nick-Gaillard_1-clip-2,Action/Vehicle,60,70,0.3617233137254902,0.2854664842455952,0.0762568294798949,0.7873503765654217,0.6662846116210538,0.1210657649443679,0.2783927457264957,0.1662706153846153,0.7425460120042165,0.6117457474271456,0.0471498226495726,-0.0665866923076923,0.3180181114197087,0.0427874793919424,1.0689615885416666,3.3384096225102744,0.0146161997690796,0.0988528653979301,0.4489877223968506,0.2783927457264957,0.7425460120042165,0.0471498226495726,0.3180181114197087,1.0689615885416666,1.0689615885416666,3.3384096225102744,Nick-Gaillard_1-clip-2,0.9444443333333333,0.8888889999999999,0.5104565555555556,0.41018,1.0,0.833333,1.0,0.6589778490877382,0.5827210196078432
Nick-Gaillard_4-clip-2,Action/Vehicle,60,84,0.3547918823529412,0.2703799309005745,0.0844119514523666,0.7808339791125504,0.6550953634947873,0.1257386156177631,0.287089344017094,0.1445043076923076,0.6564200147986412,0.499144388983647,0.0276656239316239,-0.1116884615384615,0.2581274245555202,-0.0307224820320091,1.3291341145833333,4.112528936068217,0.0305769275873899,0.2412865757942199,0.7227956056594849,0.287089344017094,0.6564200147986412,0.0276656239316239,0.2581274245555202,1.3291341145833333,1.3291341145833333,4.112528936068217,Nick-Gaillard_4-clip-2,0.592593,0.333333,0.36982566666666666,0.22895333333333334,0.555556,0.666667,0.555556,0.32221306909942554,0.23780111764705886
Olly_s-Farm_1-clip-5,Farming,60,65,0.3435408039215686,0.2841545150751007,0.0593862888464678,0.782613290145254,0.6715773119476622,0.1110359781975918,0.1944125384615384,0.0649990769230769,0.8707799265782038,0.7338584388295809,0.0425060192307692,-0.0911920769230769,0.2536291346574822,0.0702795008352647,0.77640380859375,2.952327281236649,0.0039494554512202,0.10365991294384,0.4064968824386596,0.1944125384615384,0.8707799265782038,0.0425060192307692,0.2536291346574822,0.77640380859375,0.77640380859375,2.952327281236649,Olly_s-Farm_1-clip-5,0.4444443333333334,0.111111,0.36482866666666663,0.23006366666666667,0.444444,0.361111,0.527778,0.16028981825823269,0.10090352941176478
Olly_s-Farm_6-clip-1,Farming,60,61,0.3657779019607843,0.2615977443603886,0.1041801576003956,0.7826317088640347,0.6456735639911989,0.1369581448728357,0.2608859508547008,0.117107,0.8213420783480009,0.714396114150683,0.0329749529914529,-0.1033367692307692,0.6137375881274542,0.4293353787021867,1.1610799153645834,3.8348075707753497,0.0259322468191385,0.1343400627374649,0.9812423586845398,0.2608859508547008,0.8213420783480009,0.0329749529914529,0.6137375881274542,1.1610799153645834,1.1610799153645834,3.8348075707753497,Olly_s-Farm_6-clip-1,0.574074,0.333333,0.4460125555555556,0.25069199999999997,0.527778,0.583333,0.611111,0.3124762556396114,0.20829609803921567
Peterson-Farm-Bros_5-clip-2,Farming,60,78,0.3520509607843137,0.2784506909509904,0.0736002698333232,0.7681119104483634,0.6644023018934463,0.103709608554917,0.1971379102564102,0.0587836153846153,0.8027191037933031,0.6435042570034663,0.0412643183760683,-0.0902800769230769,0.5595303000882268,0.3423195411451161,1.2042236328125,3.672775465250015,0.0166043080389499,0.1353288143873214,0.8494864702224731,0.1971379102564102,0.8027191037933031,0.0412643183760683,0.5595303000882268,1.2042236328125,1.2042236328125,3.672775465250015,Peterson-Farm-Bros_5-clip-2,0.4074073333333333,0.0,0.3118105555555556,0.2241456666666667,0.444444,0.388889,0.388889,0.1289566423823429,0.055356372549019595
Peterson-Farm-Bros_6-clip-4,Farming,60,144,0.3530888039215686,0.2615977443603886,0.09149105956118,0.7869579155335814,0.6454170854507905,0.1415408300827909,0.2932577542735042,0.1254676153846153,0.8277338544527689,0.724590631822745,0.0262340192307692,-0.1116055384615384,0.5001960995917519,0.2151346883814161,1.2740885416666667,3.7881609996159873,0.015346797183156,0.1080788671970367,0.6910038590431213,0.2932577542735042,0.8277338544527689,0.0262340192307692,0.5001960995917519,1.2740885416666667,1.2740885416666667,3.7881609996159873,Peterson-Farm-Bros_6-clip-4,0.4722223333333333,0.111111,0.34498222222222225,0.2403666666666667,0.555556,0.444444,0.416667,0.21062458897294473,0.1191335294117647
Primal-Earth-Sounds_0-clip-44,Survival,60,221,0.3526460784313726,0.2615977443603886,0.0910483340709839,0.7801827327783932,0.6477618655217152,0.132420867256678,0.2019333696581196,0.0964891538461538,0.8791033824284872,0.8179281453291575,-0.0072043632478632,-0.1336162307692307,0.7981730550527573,0.7092413629094759,1.2961181640625,3.883859896659851,0.0050795758143067,0.0752086117863655,0.4536741971969604,0.2019333696581196,0.8791033824284872,-0.0072043632478632,0.7981730550527573,1.2961181640625,1.2961181640625,3.883859896659851,Primal-Earth-Sounds_0-clip-44,0.5185186666666667,0.222222,0.2903946666666667,0.219166,0.555556,0.611111,0.388889,0.2569209223062781,0.1658725882352941
Primal-Earth-Sounds_9-clip-26,Survival,60,63,0.353581568627451,0.2782412380151849,0.075340330612266,0.7690282876548298,0.6598562089083377,0.109172078746492,0.2258944487179487,0.0809646923076923,0.6288676100472609,0.4585463326269139,0.0470814273504273,-0.0792415384615384,0.5146592709546288,0.2969383825353968,1.2105224609375,3.624884817997615,0.0569197498261928,0.1288848519325256,0.9483039379119872,0.2258944487179487,0.6288676100472609,0.0470814273504273,0.5146592709546288,1.2105224609375,1.2105224609375,3.624884817997615,Primal-Earth-Sounds_9-clip-26,0.574074,0.222222,0.4203414444444445,0.33658866666666665,0.611111,0.444444,0.666667,0.29583276198481506,0.22049243137254898
Primitive-Technology_11-clip-8,Survival,60,62,0.3732337058823529,0.2782412380151849,0.0949924678671679,0.7777750175449099,0.6572429442325344,0.1205320733123754,0.2184755363247863,0.0916068461538461,0.6463043863574663,0.5360186186929544,0.0297166089743589,-0.078699,0.3506600521504879,0.1459152776903162,0.9713053385416668,3.065526455640793,0.0274878516793251,0.1918873488903045,0.6448009014129639,0.2184755363247863,0.6463043863574663,0.0297166089743589,0.3506600521504879,0.9713053385416668,0.9713053385416668,3.065526455640793,Primitive-Technology_11-clip-8,0.546296,0.222222,0.3917352222222222,0.24295466666666665,0.444444,0.611111,0.583333,0.2680547619848151,0.17306229411764712
Primitive-Technology_3-clip-1,Survival,60,64,0.3690633137254901,0.2782412380151849,0.0908220757103052,0.7828970285980986,0.6552422538621843,0.1276547747359143,0.2877282478632478,0.1076747692307692,0.6747825841108958,0.5248138705889384,0.0631276025641025,-0.1016001538461538,0.3866283272703488,0.1364134795342882,1.1157877604166666,3.669902290900548,0.0322386771440506,0.2100217640399933,0.7916725277900696,0.2877282478632478,0.6747825841108958,0.0631276025641025,0.3866283272703488,1.1157877604166666,1.1157877604166666,3.669902290900548,Primitive-Technology_3-clip-1,0.5555553333333333,0.222222,0.43591666666666673,0.28726266666666667,0.611111,0.444444,0.611111,0.2773140953181484,0.18649201960784317
Primitive-Technology_5-clip-0,Survival,60,70,0.3612689019607843,0.2854664842455952,0.0758024177151891,0.7872715710085448,0.6691941133714057,0.1180774576371391,0.2575159423076923,0.1171796153846154,0.7311365480224291,0.5999145110448202,0.1104638803418803,-0.0220041538461538,0.3672155160456896,0.1199639029800892,1.08837890625,3.5795911411444346,0.0127095989882946,0.1221460178494453,0.5608025789260864,0.2575159423076923,0.7311365480224291,0.1104638803418803,0.3672155160456896,1.08837890625,1.08837890625,3.5795911411444346,Primitive-Technology_5-clip-0,0.45370366666666667,0.111111,0.4070993333333333,0.30414800000000003,0.611111,0.361111,0.388889,0.1682371824210715,0.09243476470588236
Primitive-Technology_6-clip-3,Survival,60,61,0.3549472941176471,0.2615977443603886,0.0933495497572584,0.7767688354615512,0.6448472801752941,0.131921555286257,0.2580808525641025,0.1044307692307692,0.7803553367654482,0.6994235167900721,0.0490528547008547,-0.0715208461538461,0.5281825543691715,0.3560046684773018,1.1953857421875,3.775144348541896,0.0123174972832202,0.1383831650018692,0.4778800010681152,0.2580808525641025,0.7803553367654482,0.0490528547008547,0.5281825543691715,1.1953857421875,1.1953857421875,3.775144348541896,Primitive-Technology_6-clip-3,0.564815,0.333333,0.45197799999999994,0.373423,0.555556,0.555556,0.583333,0.3032172556396114,0.20986770588235287
Primitive-Technology_7-clip-4,Survival,60,66,0.3673609607843137,0.2841545150751008,0.0832064457092129,0.7745830750063243,0.671177872787082,0.1034052022192423,0.2778634038461539,0.1091781538461538,0.816234456996123,0.7142049837857485,0.0453503696581196,-0.0923737692307692,0.6103692265848318,0.48444321192801,0.8875528971354166,2.758858342965444,0.0136415939778089,0.1408041566610336,0.6072044968605042,0.2778634038461539,0.816234456996123,0.0453503696581196,0.6103692265848318,0.8875528971354166,0.8875528971354166,2.758858342965444,Primitive-Technology_7-clip-4,0.574074,0.222222,0.558111,0.39724733333333334,0.5,0.611111,0.611111,0.28991948492489916,0.2067130392156863
RealAgriculture_9-clip-1,Farming,60,82,0.4511186666666667,0.2745669064620873,0.1765517602045794,0.78297194484218,0.6600836122313742,0.1228883326108057,0.1867874081196581,0.04939,0.8482618580261866,0.7818515499432882,0.0807231089743589,-0.0671307692307692,0.3964076326422703,0.2365712639487659,0.6885706583658854,2.4964716653029124,0.0044118678197264,0.0539326556026935,0.5031176209449768,0.1867874081196581,0.8482618580261866,0.0807231089743589,0.3964076326422703,0.6885706583658854,0.6885706583658854,2.4964716653029124,RealAgriculture_9-clip-1,0.5185186666666667,0.222222,0.3354088888888889,0.22546733333333333,0.611111,0.388889,0.555556,0.24395176020457937,0.06739999999999996
Sandboxx_0-clip-4,Military,60,72,0.4996125882352941,0.2843470844791492,0.2152655037561449,0.7733757414924594,0.6645371756448403,0.108838565847619,0.2335044294871795,0.0956232307692307,0.5906008581320444,0.4403671212494373,0.0651608653846153,-0.0873318461538461,0.3595055760815739,0.1756125695731801,0.4443820397059123,2.173702617486318,0.047588013112545,0.1667756736278534,0.794367253780365,0.2335044294871795,0.5906008581320444,0.0651608653846153,0.3595055760815739,0.4443820397059123,0.4443820397059123,2.173702617486318,Sandboxx_0-clip-4,0.5185186666666667,0.222222,0.4614477777777778,0.34301633333333337,0.416667,0.527778,0.611111,0.2341715821875175,0.018906078431372597
Sandboxx_7-clip-0,Military,60,61,0.3377885294117647,0.2661498446581899,0.0716386847535747,0.7696171839416955,0.6449860868695412,0.1246310970721543,0.214607923076923,0.0562710769230769,0.512965874436001,0.3453199031452338,0.0315368418803418,-0.1147413076923076,0.3052855121204629,0.1081791412240515,1.2352213541666666,3.9551575581232714,0.069788783788681,0.275668203830719,1.0727720260620115,0.214607923076923,0.512965874436001,0.0315368418803418,0.3052855121204629,1.2352213541666666,1.2352213541666666,3.9551575581232714,Sandboxx_7-clip-0,0.5925926666666667,0.333333,0.3701071111111111,0.223521,0.611111,0.611111,0.555556,0.32644282200847674,0.254804137254902
Sandboxx_9-clip-4,Military,60,64,0.369486294117647,0.2782412380151849,0.091245056102462,0.7926277737716724,0.6548536039168399,0.1377741698548324,0.2797172905982906,0.1237979999999999,0.554872194925944,0.403550977508227,0.0356228205128205,-0.0981202307692307,0.1784766882968445,-0.0279466637099782,1.211865234375,3.871662036577861,0.0554675571620464,0.3468894958496094,0.8959597945213318,0.2797172905982906,0.554872194925944,0.0356228205128205,0.1784766882968445,1.211865234375,1.211865234375,3.871662036577861,Sandboxx_9-clip-4,0.44444466666666665,0.111111,0.43803755555555557,0.34591433333333327,0.416667,0.555556,0.361111,0.16620342865148174,0.07495837254901966
Survival-Instinct_11-clip-10,Survival,60,64,0.3488135882352941,0.2782412380151849,0.0705723502201091,0.7734571791327027,0.6545885653170526,0.1188686138156501,0.2091318995726495,0.072489923076923,0.7885239471991857,0.6816165844599406,-0.0032560854700854,-0.1035695384615384,0.2841206065689524,-0.0460779384399453,1.2961181640625,3.883859896659851,0.0089211780577898,0.1199251189827919,0.4320701360702514,0.2091318995726495,0.7885239471991857,-0.0032560854700854,0.2841206065689524,1.2961181640625,1.2961181640625,3.883859896659851,Survival-Instinct_11-clip-10,0.592593,0.333333,0.47978344444444443,0.37684200000000007,0.555556,0.555556,0.666667,0.3143517619848151,0.2437794117647059
Survival-Instinct_2-clip-1,Survival,60,61,0.354724156862745,0.2615977443603886,0.0931264125023564,0.7856264950701263,0.6429928675664603,0.1426336275036659,0.2696811581196581,0.131939,0.8133692642052969,0.730194424589475,0.0510988247863247,-0.0617246923076923,0.5530007320145766,0.3603940003861983,1.0689615885416666,3.3384096225102744,0.0171361360698938,0.1503329128026962,0.5615721940994263,0.2696811581196581,0.8133692642052969,0.0510988247863247,0.5530007320145766,1.0689615885416666,1.0689615885416666,3.3384096225102744,Survival-Instinct_2-clip-1,0.5092593333333333,0.222222,0.3848723333333333,0.31107566666666664,0.611111,0.305556,0.611111,0.2476615889729447,0.1545351764705883
Survival-Instinct_7-clip-8,Survival,60,61,0.3705875294117647,0.2615977443603886,0.108989785051376,0.7872828758605248,0.6442811967000492,0.1430016791604755,0.2786973696581196,0.1419348461538461,0.8395784745613734,0.7726856097579002,0.060533688034188,-0.0509745384615384,0.5664669669543704,0.4193898222098748,1.0689615885416666,3.3384096225102744,0.0113337114453315,0.1213876157999038,0.5398479104042053,0.2786973696581196,0.8395784745613734,0.060533688034188,0.5664669669543704,1.0689615885416666,1.0689615885416666,3.3384096225102744,Survival-Instinct_7-clip-8,0.5185183333333333,0.222222,0.38124122222222223,0.2760896666666667,0.583333,0.361111,0.611111,0.25692058897294473,0.1479308039215686
Survival-Instinct_8-clip-4,Survival,60,62,0.3652629607843137,0.2782412380151849,0.0870217227691287,0.774801907070443,0.6612670027109674,0.1135349043594756,0.2129073739316239,0.0733212307692307,0.8663473154107729,0.8079682600994905,-0.0031770021367521,-0.1106896923076923,0.4607731057330966,0.283270984267195,1.2961181640625,3.883859896659851,0.0200533214956522,0.0938901230692863,0.7953957319259644,0.2129073739316239,0.8663473154107729,-0.0031770021367521,0.4607731057330966,1.2961181640625,1.2961181640625,3.883859896659851,Survival-Instinct_8-clip-4,0.6666666666666666,0.4444443333333334,0.5570504444444444,0.49741799999999997,0.777778,0.611111,0.611111,0.3884254286514817,0.30140370588235293
Survival-Instinct_9-clip-2,Survival,60,65,0.3477586666666666,0.2841545150751008,0.0636041515915658,0.7710589502331967,0.6601214987028216,0.1109374515303751,0.2484673311965811,0.1324177692307692,0.685107929011186,0.5068755544101199,0.0392902179487179,-0.0650435384615384,0.4170566893493135,0.1648819567635655,1.129541015625,3.415583042303721,0.0274249948561191,0.1619168668985366,0.8460276126861572,0.2484673311965811,0.685107929011186,0.0392902179487179,0.4170566893493135,1.129541015625,1.129541015625,3.415583042303721,Survival-Instinct_9-clip-2,0.5925923333333333,0.3333333333333333,0.34445088888888886,0.29100333333333334,0.833333,0.583333,0.361111,0.30843781825823247,0.24483366666666667
Survival-Skills-Primitive_3-clip-0,Survival,60,65,0.3740422156862745,0.2841545150751008,0.0898877006111737,0.7868853953978769,0.6651431066433149,0.121742288754562,0.2725561517094017,0.1528921538461538,0.8324030190706253,0.7201782626410326,0.0473997243589743,-0.0811893076923076,0.5874474067240953,0.3755582606342311,1.0968180338541669,3.3187775115172067,0.0220362041145563,0.1516334265470504,0.8156930208206177,0.2725561517094017,0.8324030190706253,0.0473997243589743,0.5874474067240953,1.0968180338541669,1.0968180338541669,3.3187775115172067,Survival-Skills-Primitive_3-clip-0,0.6574073333333333,0.4444443333333334,0.263225,0.07867133333333333,0.611111,0.777778,0.583333,0.37325281825823253,0.28336511764705885
TK-Hinshaw_5-clip-0,Farming,60,86,0.3522237,0.2660264170039418,0.0861972829960581,0.7837174101454201,0.6537318666939436,0.1299855434514765,0.303520688034188,0.1448744615384615,0.7188758055369059,0.5300209963073333,0.0251756581196581,-0.1410246923076923,0.2009483557194471,-0.0128811529721133,0.9993937174479168,3.055393443504969,0.0143347457051277,0.1584388464689254,0.805577278137207,0.303520688034188,0.7188758055369059,0.0251756581196581,0.2009483557194471,0.9993937174479168,0.9993937174479168,3.055393443504969,TK-Hinshaw_5-clip-0,0.5925926666666667,0.333333,0.5149404444444445,0.44819499999999995,0.555556,0.611111,0.611111,0.32656624966272485,0.24036896666666668
TK-Hinshaw_7-clip-0,Farming,60,64,0.3338186862745098,0.2782412380151849,0.0555774482593248,0.7762592215735624,0.663113922419761,0.1131452991538014,0.2525940149572649,0.097654923076923,0.5722439785798391,0.3279709213723739,0.0053847991452991,-0.1006351538461538,0.1996890353038907,0.0033097107273837,1.2696451822916666,4.10358082652092,0.0654302537441253,0.3522573709487915,0.9054278135299684,0.2525940149572649,0.5722439785798391,0.0053847991452991,0.1996890353038907,1.2696451822916666,1.2696451822916666,4.10358082652092,TK-Hinshaw_7-clip-0,0.7314816666666667,0.5555553333333333,0.4088803333333333,0.2733233333333333,0.527778,0.666667,1.0,0.4532404286514818,0.3976629803921569
Tornado-Trackers_1-clip-0,Nature/Doc,60,61,0.3445693725490196,0.2615977443603886,0.0829716281886309,0.7701887508058757,0.6507482146677473,0.1194405361381283,0.2511113183760683,0.1204088461538461,0.587417537967364,0.4178421075145404,0.017640329059829,-0.1015396153846154,0.2765152516464392,0.0475215057861836,1.2116414388020833,4.264965188503266,0.0343151688575744,0.2337118536233902,0.8991509675979614,0.2511113183760683,0.587417537967364,0.017640329059829,0.2765152516464392,1.2116414388020833,1.2116414388020833,4.264965188503266,Tornado-Trackers_1-clip-0,0.5185186666666667,0.222222,0.45076877777777774,0.323709,0.611111,0.388889,0.555556,0.2569209223062781,0.1739492941176471
Tornado-Trackers_10-clip-4,Nature/Doc,60,61,0.3729236199999999,0.2615977443603886,0.1113258756396113,0.7771846596347116,0.6429229117073244,0.1342617479273872,0.2841762158119658,0.1460319230769231,0.9611608410875002,0.9315227940678596,-0.0004400769230769,-0.1541108461538461,0.4211489806572596,0.1480454485087345,1.169677734375,3.805555540323257,0.0007198780658654,0.0276458263397216,0.1726945638656616,0.2841762158119658,0.9611608410875002,-0.0004400769230769,0.4211489806572596,1.169677734375,1.169677734375,3.805555540323257,Tornado-Trackers_10-clip-4,0.5833333333333334,0.3333333333333333,0.6858667777777778,0.5419999999999999,0.583333,0.777778,0.388889,0.3217355889729448,0.21040971333333347
Tornado-Trackers_6-clip-2,Nature/Doc,60,68,0.3866554,0.2854664842455952,0.1011889157544047,0.7917520275271701,0.6689238045205714,0.1228282230065986,0.307137547008547,0.1285686923076923,0.8059221009413401,0.6576755791902542,0.058235547008547,-0.0761336923076923,0.5649601854383945,0.2554319874228288,1.2848958333333331,4.171254388491312,0.0204135961830616,0.1206342652440071,0.5648318529129028,0.307137547008547,0.8059221009413401,0.058235547008547,0.5649601854383945,1.2848958333333331,1.2848958333333331,4.171254388491312,Tornado-Trackers_6-clip-2,0.472222,0.111111,0.537346,0.38897066666666663,0.444444,0.361111,0.611111,0.1867555157544048,0.08556659999999999
TreadmillTV_2-clip-1,Scenery,60,68,0.36955278,0.2854664842455952,0.0840862957544048,0.7899868909621766,0.6650762561957616,0.1249106347664149,0.317010282051282,0.1630502307692307,0.8201201458772024,0.719779392083486,0.0397443119658119,-0.0970880769230769,0.4457408376038074,0.2741533770846823,1.1554606119791666,3.638299121459325,0.0069553572684526,0.1308828592300415,0.3976026773452759,0.317010282051282,0.8201201458772024,0.0397443119658119,0.4457408376038074,1.1554606119791666,1.1554606119791666,3.638299121459325,TreadmillTV_2-clip-1,0.5092593333333334,0.222222,0.4285701111111111,0.3385593333333334,0.361111,0.611111,0.555556,0.22379284908773822,0.13970655333333337
TreadmillTV_3-clip-12,Scenery,60,62,0.35531872,0.2782412380151849,0.077077481984815,0.7853303684651746,0.6586721161224458,0.1266582523427287,0.3103379551282051,0.2009331538461538,0.8020293066898981,0.7235810036460558,0.0042146239316239,-0.1410547692307692,0.3990953455989559,0.2051419491569201,1.264892578125,3.937094543377559,0.0073453029617667,0.108431376516819,0.5715316534042358,0.3103379551282051,0.8020293066898981,0.0042146239316239,0.3990953455989559,1.264892578125,1.264892578125,3.937094543377559,TreadmillTV_3-clip-12,0.6111110000000001,0.3333333333333333,0.4765086666666667,0.37076333333333333,0.611111,0.444444,0.777778,0.33286976198481516,0.2557922800000001
TreadmillTV_6-clip-2,Scenery,60,84,0.34778248,0.2703799309005745,0.0774025490994254,0.7759264989055141,0.6621821151823534,0.1137443837231607,0.2232976858974359,0.1188928461538461,0.903656671444575,0.8503861352801323,-0.0229634316239316,-0.1452168461538461,0.3357299913962682,0.1711301966958368,1.1607991536458333,3.6502487401167554,0.0007087643607519,0.0695105567574501,0.1635562181472778,0.2232976858974359,0.903656671444575,-0.0229634316239316,0.3357299913962682,1.1607991536458333,1.1607991536458333,3.6502487401167554,TreadmillTV_6-clip-2,0.574074,0.3333333333333333,0.33556833333333336,0.1928816666666667,0.583333,0.361111,0.777778,0.3036940690994255,0.22629151999999997
TreadmillTV_9-clip-2,Scenery,60,192,0.36923648,0.2615977443603886,0.1076387356396113,0.7865633764892597,0.648473926340611,0.1380894501486487,0.2669224722222222,0.1213269999999999,0.8824864303072294,0.823768749833107,0.0282156559829059,-0.0935343076923077,0.5059378296136856,0.3470270459850629,1.17841796875,3.6140724241733553,0.0013846908695995,0.0909362807869911,0.2348350286483764,0.2669224722222222,0.8824864303072294,0.0282156559829059,0.5059378296136856,1.17841796875,1.17841796875,3.6140724241733553,TreadmillTV_9-clip-2,0.6574073333333333,0.4444443333333334,0.3963384444444444,0.25844266666666665,1.0,0.361111,0.611111,0.39580958897294477,0.28817085333333337
USA-Military-Channel_0-clip-6,Military,60,67,0.36606286,0.2841545150751007,0.0819083449248992,0.7739360406374618,0.6656706674406434,0.1082653731968183,0.2968964636752136,0.1199803076923076,0.849493515988191,0.7251182521382967,0.0165085555555555,-0.1394472307692307,0.5388354919850826,0.2455346196268995,1.1690185546875,4.438147093852361,0.0062586334533989,0.0944228395819664,0.4335066676139831,0.2968964636752136,0.849493515988191,0.0165085555555555,0.5388354919850826,1.1690185546875,1.1690185546875,4.438147093852361,USA-Military-Channel_0-clip-6,0.6574073333333333,0.4444443333333334,0.5191424444444445,0.44387,0.527778,0.833333,0.611111,0.37325281825823264,0.29134447333333335
USA-Military-Channel_10-clip-2,Military,60,63,0.3567755599999999,0.2782412380151849,0.0785343219848149,0.7747987021134858,0.6549128292809423,0.1198858728325434,0.2418295384615384,0.1014463846153846,0.8631718953450521,0.7938492422302564,0.0069516623931623,-0.111023,0.3618051502853632,0.1549684139123807,1.1994954427083333,3.791762942075729,0.0023288626689463,0.071311630308628,0.2151957750320434,0.2418295384615384,0.8631718953450521,0.0069516623931623,0.3618051502853632,1.1994954427083333,1.1994954427083333,3.791762942075729,USA-Military-Channel_10-clip-2,0.6481483333333333,0.4444443333333334,0.5856525555555554,0.5029063333333333,0.555556,0.777778,0.611111,0.3699070953181484,0.29137277333333345
USA-Military-Channel_11-clip-2,Military,60,62,0.35793092,0.2782412380151849,0.079689681984815,0.777234965439825,0.6554714139711344,0.1217635514686905,0.2716121217948717,0.1045815384615384,0.6853011548519135,0.5825743141273657,-0.00285847008547,-0.1340543846153846,0.420308709765474,0.2651627908150355,1.2653483072916667,4.1109765807787575,0.0291158743202686,0.2107301205396652,0.7272782325744629,0.2716121217948717,0.6853011548519135,-0.00285847008547,0.420308709765474,1.2653483072916667,1.2653483072916667,4.1109765807787575,USA-Military-Channel_11-clip-2,0.6388889999999999,0.4444443333333334,0.30442199999999997,0.08254833333333333,0.555556,0.611111,0.75,0.360647761984815,0.28095807999999994
Ultimate-Chase_3-clip-4,Action/Vehicle,60,63,0.3421833999999999,0.2782412380151849,0.063942161984815,0.7756759309538118,0.6589974547922142,0.1166784761615976,0.248789267094017,0.1028730769230769,0.7945108239849409,0.6802842319011688,0.0274896452991453,-0.1078327692307692,0.6446172880629698,0.4620763765027125,1.2763102213541666,4.05734462539355,0.0219935271888971,0.0996503010392189,0.7632518410682678,0.248789267094017,0.7945108239849409,0.0274896452991453,0.6446172880629698,1.2763102213541666,1.2763102213541666,4.05734462539355,Ultimate-Chase_3-clip-4,0.5462963333333333,0.222222,0.3785813333333334,0.24365833333333334,0.444444,0.666667,0.527778,0.26805509531814836,0.20411293333333336
Ultimate-Chase_8-clip-0,Action/Vehicle,60,61,0.4207621,0.2615977443603886,0.1591643556396114,0.7836260317817171,0.645431281490169,0.138194750291548,0.2736676474358974,0.1506556153846154,0.7852117866277695,0.702237339069446,0.0883227991452991,-0.0576146923076923,0.6262730297942957,0.4878194214155276,1.0347569783528645,3.280241523186366,0.0206985268741846,0.1476394534111023,0.8571503162384033,0.2736676474358974,0.7852117866277695,0.0883227991452991,0.6262730297942957,1.0347569783528645,1.0347569783528645,3.280241523186366,Ultimate-Chase_8-clip-0,0.6388889999999999,0.44444466666666665,0.44901755555555556,0.30397066666666667,0.777778,0.361111,0.777778,0.37729125563961136,0.2181268999999999
Ultimate-Chase_9-clip-0,Action/Vehicle,60,94,0.36789966,0.2615977443603886,0.1063019156396113,0.7775354435205375,0.6465201212064517,0.1310153223140857,0.2461400555555555,0.1199064615384615,0.6325104578087727,0.462381421510751,0.0297456047008547,-0.0731726153846153,0.4045736537470172,0.2437930647671843,1.2668375651041666,3.981406497955322,0.0356002487242221,0.1287592202425003,0.9744266867637634,0.2461400555555555,0.6325104578087727,0.0297456047008547,0.4045736537470172,1.2668375651041666,1.2668375651041666,3.981406497955322,Ultimate-Chase_9-clip-0,0.5555553333333333,0.22222233333333333,0.4961501111111111,0.4163753333333333,0.388889,0.833333,0.444444,0.2939575889729447,0.18765567333333327
WarLeaks-Military-Blog_9-clip-0,Military,60,72,0.39235926,0.2843470844791492,0.1080121755208508,0.7923308727706886,0.6721877936923736,0.120143079078315,0.2224759487179487,0.1183323846153846,0.7890113890171051,0.6324451233570775,0.029209829059829,-0.094198,0.4639872123176853,0.2396152848377823,0.9068705240885416,2.979667937755585,0.0254983771592378,0.1485259681940078,0.9484766721725464,0.2224759487179487,0.7890113890171051,0.029209829059829,0.4639872123176853,0.9068705240885416,0.9068705240885416,2.979667937755585,WarLeaks-Military-Blog_9-clip-0,0.44444466666666665,0.111111,0.49867177777777777,0.3986586666666667,0.555556,0.388889,0.388889,0.16009758218751746,0.05208540666666667
Weathershot_3-clip-1,Nature/Doc,60,67,0.36375756,0.2841545150751007,0.0796030449248992,0.7765855948261888,0.662573896787065,0.1140116980391238,0.2525144829059829,0.135236,0.7486584732929865,0.6292475946247578,0.0389535747863247,-0.0762494615384615,0.4175684594859679,0.1751862835759917,1.129541015625,3.415583042303721,0.0198460556566715,0.1651044934988021,0.58315110206604,0.2525144829059829,0.7486584732929865,0.0389535747863247,0.4175684594859679,1.129541015625,1.129541015625,3.415583042303721,Weathershot_3-clip-1,0.435185,0.111111,0.48857688888888884,0.3770203333333333,0.361111,0.333333,0.611111,0.1510304849248993,0.07142744000000001
Weathershot_7-clip-0,Nature/Doc,60,90,0.34689196,0.2615977443603886,0.0852942156396113,0.7753554019763359,0.6510387710024067,0.1243166309739292,0.2155927199074074,0.0619046666666666,0.6935529882709185,0.5068609136311958,0.0086166087962962,-0.1130943333333333,0.4463881434251864,0.1350085879676044,1.2961181640625,3.883859896659851,0.0288141556084156,0.1691699624061584,0.8722403049468994,0.2155927199074074,0.6935529882709185,0.0086166087962962,0.4463881434251864,1.2961181640625,1.2961181640625,3.883859896659851,Weathershot_7-clip-0,0.45370366666666667,0.111111,0.48182455555555553,0.41716033333333336,0.444444,0.527778,0.388889,0.1921059223062781,0.10681170666666667
Welker-Farms-Inc_3-clip-4,Farming,60,61,0.39885846,0.2615977443603886,0.1372607156396114,0.777520096498803,0.6452039078438563,0.1323161886549467,0.2297800324074074,0.0737859166666666,0.4182503012319405,0.2098615147794286,0.0021814768518518,-0.13619025,0.0984395606598506,-0.1127148667971292,0.5077588399251302,2.066702057917913,0.0470676161348819,0.4668224155902862,0.9287372827529908,0.2297800324074074,0.4182503012319405,0.0021814768518518,0.0984395606598506,0.5077588399251302,0.5077588399251302,2.066702057917913,Welker-Farms-Inc_3-clip-4,0.5833333333333333,0.333333,0.44932666666666665,0.3408253333333333,0.527778,0.611111,0.611111,0.3217355889729447,0.18447487333333323
